,movie,year,imdb,metascore,votes,gross (usd),n_imdb
0,Inception,2010,8.8,74,1824334,292576195,88.0
1,The Dark Knight Rises,2012,8.4,78,1377079,448139099,84.0
2,Interstellar,2014,8.6,74,1283630,188020017,86.0
3,Django Unchained,2012,8.4,81,1200384,162805434,84.0
4,The Avengers,2012,8.1,69,1170334,623357910,81.0
5,The Wolf of Wall Street,2013,8.2,75,1025782,116900694,82.0
6,Shutter Island,2010,8.1,63,997552,128012934,81.0
7,Guardians of the Galaxy,2014,8.1,76,934121,333176600,81.0
8,Deadpool,2016,8.0,65,812240,363070709,80.0
9,The Hunger Games,2012,7.2,68,792105,408010692,72.0
10,Star Wars: Episode VII - The Force Awakens,2015,8.0,81,779943,936662225,80.0
11,Mad Max: Fury Road,2015,8.1,90,773676,154058340,81.0
12,Gone Girl,2014,8.1,79,755607,167767189,81.0
13,The Hobbit: An Unexpected Journey,2012,7.9,58,717095,303003568,79.0
14,Gravity,2013,7.7,96,705289,274092705,77.0
15,Harry Potter and the Deathly Hallows: Part 2,2011,8.1,87,686720,381011219,81.0
16,Iron Man 3,2013,7.2,62,683352,409013994,72.0
17,Toy Story 3,2010,8.3,92,675764,415004880,83.0
18,Thor,2011,7.0,57,673496,181030624,70.0
19,The Martian,2015,8.0,80,673481,228433663,80.0
20,The Intouchables,2011,8.5,57,669562,13182281,85.0
21,Captain America: The First Avenger,2011,6.9,66,656551,176654505,69.0
22,Captain America: The Winter Soldier,2014,7.8,70,655580,259766572,78.0
23,Avengers: Age of Ultron,2015,7.3,66,651275,459005868,73.0
24,Iron Man 2,2010,7.0,57,648557,312433331,70.0
25,Black Swan,2010,8.0,79,645375,106954678,80.0
26,Man of Steel,2013,7.1,55,643559,291045518,71.0
27,Avengers: Infinity War,2018,8.5,68,639859,678815482,85.0
28,The Grand Budapest Hotel,2014,8.1,88,629193,59100318,81.0
29,Silver Linings Playbook,2012,7.7,81,618672,132092958,77.0
30,The Imitation Game,2014,8.0,73,615511,91125683,80.0
31,X-Men: Days of Future Past,2014,8.0,75,614843,233921534,80.0
32,The Revenant,2015,8.0,76,614583,183637894,80.0
33,Whiplash,2014,8.5,88,608743,13092000,85.0
34,How to Train Your Dragon,2010,8.1,74,606355,217581231,81.0
35,X-Men: First Class,2011,7.7,65,604470,146408305,77.0
36,The King's Speech,2010,8.0,88,590569,138797449,80.0
37,Skyfall,2012,7.8,81,589925,304360277,78.0
38,12 Years a Slave,2013,8.1,96,573324,56671993,81.0
39,The Hunger Games: Catching Fire,2013,7.5,76,572752,424668047,75.0
40,Batman v Superman: Dawn of Justice,2016,6.5,44,572450,330360194,65.0
41,Captain America: Civil War,2016,7.8,75,570026,408084349,78.0
42,The Social Network,2010,7.7,95,565899,96962694,77.0
43,The Hobbit: The Desolation of Smaug,2013,7.8,66,562862,258366855,78.0
44,Logan,2017,8.1,77,550237,226277068,81.0
45,World War Z,2013,7.0,63,550231,202359711,70.0
46,Now You See Me,2013,7.3,50,550071,117723989,73.0
47,Edge of Tomorrow,2014,7.9,71,542548,100206256,79.0
48,Kingsman: The Secret Service,2014,7.7,60,539913,128261724,77.0
49,Prometheus,2012,7.0,64,536639,126477084,70.0
50,Ted,2012,6.9,62,535998,218815487,69.0
51,Jurassic World,2015,7.0,59,535631,652270625,70.0
52,Thor: The Dark World,2013,6.9,54,533346,206362140,69.0
53,Argo,2012,7.7,86,532286,136025503,77.0
54,Life of Pi,2012,7.9,79,532118,124987023,79.0
55,Inside Out,2015,8.2,94,530533,356461711,82.0
56,Suicide Squad,2016,6.1,40,527909,325100054,61.0
57,The Amazing Spider-Man,2012,7.0,66,522123,262030663,70.0
58,Prisoners,2013,8.1,74,521997,61002302,81.0
59,Drive,2011,7.8,78,518728,35060689,78.0
60,Birdman or (The Unexpected Virtue of Ignorance),2014,7.7,87,515283,42340598,77.0
61,Frozen,2013,7.5,74,513562,400738009,75.0
62,Arrival,2016,7.9,81,508657,100546139,79.0
63,Doctor Strange,2016,7.5,72,502414,232641920,75.0
64,Black Panther,2018,7.3,88,500680,700059566,73.0
65,Looper,2012,7.4,84,498215,66486205,74.0
66,Kick-Ass,2010,7.6,66,495001,48071303,76.0
67,Ant-Man,2015,7.3,64,491127,180202163,73.0
68,Limitless,2011,7.4,59,489755,79249455,74.0
69,Wonder Woman,2017,7.5,76,480297,412563408,75.0
70,21 Jump Street,2012,7.2,69,475332,138447667,72.0
71,Rogue One: A Star Wars Story,2016,7.8,65,473028,532177324,78.0
72,Rise of the Planet of the Apes,2011,7.6,68,470817,176760185,76.0
73,Guardians of the Galaxy Vol. 2,2017,7.7,67,469693,389813101,77.0
74,Thor: Ragnarok,2017,7.9,74,464029,315058289,79.0
75,Her,2013,8.0,90,463109,25568251,80.0
76,Despicable Me,2010,7.7,72,461833,251513985,77.0
77,Dunkirk,2017,7.9,94,460082,188373161,79.0
78,Star Wars: The Last Jedi,2017,7.2,85,456852,620181382,72.0
79,Oblivion,2013,7.0,54,451339,89021735,70.0
80,Source Code,2011,7.5,74,449963,54712227,75.0
81,Pirates of the Caribbean: On Stranger Tides,2011,6.6,45,445005,241071802,66.0
82,Star Trek Into Darkness,2013,7.7,72,444241,228778661,77.0
83,Pacific Rim,2013,6.9,65,441570,101802906,69.0
84,The Hobbit: The Battle of the Five Armies,2014,7.4,59,435897,255119788,74.0
85,"Crazy, Stupid, Love.",2011,7.4,68,435139,84351197,74.0
86,The Hangover Part II,2011,6.5,44,430693,254464305,65.0
87,La La Land,2016,8.0,93,430679,151101803,80.0
88,The Great Gatsby,2013,7.3,55,429682,144840419,73.0
89,The Hateful Eight,2015,7.8,68,429307,54117416,78.0
90,John Wick,2014,7.3,68,427851,43037835,73.0
91,Mission: Impossible - Ghost Protocol,2011,7.4,73,425994,209397903,74.0
92,Harry Potter and the Deathly Hallows: Part 1,2010,7.7,65,421843,295983305,77.0
93,The Perks of Being a Wallflower,2012,8.0,67,420750,17738570,80.0
94,Ex Machina,2014,7.7,78,420642,25442958,77.0
95,American Hustle,2013,7.2,90,416485,150117807,72.0
96,Spider-Man: Homecoming,2017,7.5,73,412682,334201140,75.0
97,Warrior,2011,8.2,71,401613,13657115,82.0
98,Nightcrawler,2014,7.9,76,401159,32381218,79.0
99,Lucy,2014,6.4,61,400668,126663600,64.0
100,Dallas Buyers Club,2013,8.0,84,400273,27298285,80.0
101,American Sniper,2014,7.3,72,399612,350126372,73.0
102,The Wolverine,2013,6.7,61,398011,132556852,67.0
103,Divergent,2014,6.7,48,397889,150947895,67.0
104,Horrible Bosses,2011,6.9,57,397223,117538559,69.0
105,Elysium,2013,6.6,61,393703,93050117,66.0
106,The Conjuring,2013,7.5,68,393560,137400141,75.0
107,Sherlock Holmes: A Game of Shadows,2011,7.5,48,392055,186848418,75.0
108,Get Out,2017,7.7,84,391013,176040665,77.0
109,The Help,2011,8.1,62,390540,169708112,81.0
110,Rush,2013,8.1,75,389371,26947624,81.0
111,Dawn of the Planet of the Apes,2014,7.6,79,388037,208545589,76.0
112,The Girl with the Dragon Tattoo,2011,7.8,71,385994,102515793,78.0
113,The Amazing Spider-Man 2,2014,6.6,53,385485,202853933,66.0
114,Captain Phillips,2013,7.8,83,385427,107100855,78.0
115,The Maze Runner,2014,6.8,57,384864,102427862,68.0
116,Fury,2014,7.6,64,379548,85817906,76.0
117,Zootopia,2016,8.0,78,379385,341268248,80.0
118,Deadpool 2,2018,7.8,66,378764,324591735,78.0
119,The Hunger Games: Mockingjay - Part 1,2014,6.6,64,376575,337135885,66.0
120,Blade Runner 2049,2017,8.0,81,371558,92054159,80.0
121,We're the Millers,2013,7.0,44,369972,150394119,70.0
122,Big Hero 6,2014,7.8,74,367783,222527828,78.0
123,Transformers: Dark of the Moon,2011,6.3,42,364883,352390543,63.0
124,Tangled,2010,7.8,71,363683,200821936,78.0
125,Hacksaw Ridge,2016,8.1,71,362036,67209615,81.0
126,Fantastic Beasts and Where to Find Them,2016,7.3,66,361661,234037575,73.0
127,Spotlight,2015,8.1,93,361508,45055776,81.0
128,This Is the End,2013,6.6,67,358884,101470202,66.0
129,The Theory of Everything,2014,7.7,72,358598,35893537,77.0
130,Alice in Wonderland,2010,6.5,53,356936,334191110,65.0
131,Baby Driver,2017,7.6,86,356591,107825862,76.0
132,Midnight in Paris,2011,7.7,81,354753,56816662,77.0
133,Spectre,2015,6.8,60,350558,200074175,68.0
134,X-Men: Apocalypse,2016,7.0,52,350460,155442489,70.0
135,Split,2016,7.3,62,350338,138291365,73.0
136,It,2017,7.4,69,350085,327481748,74.0
137,Fast & Furious 6,2013,7.1,61,345200,238679850,71.0
138,Godzilla,2014,6.4,62,344924,200676069,64.0
139,In Time,2011,6.7,53,344609,37520095,67.0
140,Despicable Me 2,2013,7.4,62,342280,368061265,74.0
141,Wreck-It Ralph,2012,7.7,72,341298,189422889,77.0
142,"Three Billboards Outside Ebbing, Missouri",2017,8.2,88,337081,54513740,82.0
143,Scott Pilgrim vs. the World,2010,7.5,69,336976,31494270,75.0
144,The Cabin in the Woods,2011,7.0,72,336419,42073277,70.0
145,Brave,2012,7.1,69,336245,237283207,71.0
146,Furious 7,2015,7.2,67,333378,353007020,72.0
147,Bohemian Rhapsody,2018,8.1,49,329913,216303339,81.0
148,Easy A,2010,7.1,72,328388,58401464,71.0
149,Fast Five,2011,7.3,66,328324,209837675,73.0
150,Sicario,2015,7.6,82,325723,46889293,76.0
151,Cloud Atlas,2012,7.4,55,325340,27108272,74.0
152,Moneyball,2011,7.6,87,324680,75605492,76.0
153,Justice League,2017,6.5,45,324324,229024295,65.0
154,127 Hours,2010,7.6,82,322177,18335230,76.0
155,The Town,2010,7.6,74,321035,92186262,76.0
156,Super 8,2011,7.0,72,319496,127004179,70.0
157,22 Jump Street,2014,7.0,71,317509,191719337,70.0
158,Friends with Benefits,2011,6.6,63,315835,55802754,66.0
159,The Fighter,2010,7.8,79,315196,93617009,78.0
160,Boyhood,2014,7.9,100,314406,25379975,79.0
161,The Fault in Our Stars,2014,7.7,69,312961,124872350,77.0
162,Room,2015,8.2,86,312953,14677674,82.0
163,Mission: Impossible - Rogue Nation,2015,7.4,75,309385,195042377,74.0
164,Men in Black 3,2012,6.8,58,307562,179020854,68.0
165,Passengers,2016,7.0,41,307510,100014699,70.0
166,The Expendables,2010,6.5,45,306665,103068524,65.0
167,The Big Short,2015,7.8,81,306413,70259870,78.0
168,Maleficent,2014,7.0,56,303135,241410378,70.0
169,The Shape of Water,2017,7.3,87,302613,63859435,73.0
170,The Lego Movie,2014,7.8,83,302146,257760692,78.0
171,Due Date,2010,6.5,51,301972,100539043,65.0
172,Flight,2012,7.3,76,301618,93772375,73.0
173,The Equalizer,2014,7.2,57,299857,101530738,72.0
174,50/50,2011,7.7,72,299317,35014192,77.0
175,A Quiet Place,2018,7.6,82,296573,188024361,76.0
176,Ready Player One,2018,7.5,64,295584,137690172,75.0
177,TRON: Legacy,2010,6.8,49,294927,172062763,68.0
178,Moonrise Kingdom,2012,7.8,84,290256,45512466,78.0
179,Monsters University,2013,7.3,65,289857,268492764,73.0
180,The Interview,2014,6.5,52,285046,6105175,65.0
181,Les Misérables,2012,7.6,63,284418,148809770,76.0
182,Hugo,2011,7.5,83,283751,73864507,75.0
183,Jack Reacher,2012,7.0,50,283124,80070736,70.0
184,Real Steel,2011,7.1,56,282733,85468508,71.0
185,True Grit,2010,7.6,80,282639,171243005,76.0
186,Transformers: Age of Extinction,2014,5.7,32,282113,245439076,57.0
187,Fifty Shades of Grey,2015,4.1,46,277578,166167230,41.0
188,The Expendables 2,2012,6.6,51,276529,85017401,66.0
189,Salt,2010,6.4,65,276258,118311368,64.0
190,How to Train Your Dragon 2,2014,7.8,76,275281,177002924,78.0
191,The Secret Life of Walter Mitty,2013,7.3,54,274236,58236838,73.0
192,Taken 2,2012,6.3,45,271908,139854287,63.0
193,RED,2010,7.1,60,270559,90380162,71.0
194,The Book of Eli,2010,6.9,53,269876,94835059,69.0
195,John Wick: Chapter 2,2017,7.5,75,269738,92029184,75.0
196,Coco,2017,8.4,81,269396,209726015,84.0
197,The Hangover Part III,2013,5.8,30,268895,112200072,58.0
198,The Bourne Legacy,2012,6.7,61,267509,113203870,67.0
199,Neighbors,2014,6.3,68,264554,150157400,63.0
200,Venom,2018,6.8,35,264548,213515506,68.0
201,300: Rise of an Empire,2014,6.2,48,261497,106580051,62.0
202,Bridge of Spies,2015,7.6,81,261403,72313754,76.0
203,About Time,2013,7.8,55,259036,15322921,78.0
204,10 Cloverfield Lane,2016,7.2,76,258384,71897215,72.0
205,Snow White and the Huntsman,2012,6.1,57,257961,155332381,61.0
206,Pitch Perfect,2012,7.2,66,255223,65001093,72.0
207,Clash of the Titans,2010,5.8,39,255055,163214888,58.0
208,Prince of Persia: The Sands of Time,2010,6.6,50,253510,90759676,66.0
209,Insidious,2010,6.9,52,252149,54009150,69.0
210,Green Lantern,2011,5.5,39,251199,116601172,55.0
211,The Hunger Games: Mockingjay - Part 2,2015,6.6,65,249823,281723902,66.0
212,Zero Dark Thirty,2012,7.4,95,249719,95720716,74.0
213,The Dictator,2012,6.4,58,249546,59650222,64.0
214,Bridesmaids,2011,6.8,75,248447,169106725,68.0
215,Lone Survivor,2013,7.5,60,245430,125095601,75.0
216,Aquaman,2018,7.1,55,242372,335061807,71.0
217,The Jungle Book,2016,7.4,77,239548,364001123,74.0
218,The Hunt,2012,8.3,77,239262,687185,83.0
219,The Man from U.N.C.L.E.,2015,7.3,56,238927,45445109,73.0
220,Robin Hood,2010,6.7,53,238605,105269730,67.0
221,John Carter,2012,6.6,51,238313,73078100,66.0
222,Jumanji: Welcome to the Jungle,2017,7.0,58,238305,404515480,70.0
223,A Star Is Born,2018,7.8,88,237911,215288866,78.0
224,The Nice Guys,2016,7.4,70,237841,36261763,74.0
225,Kick-Ass 2,2013,6.6,41,237215,28795985,66.0
226,Beauty and the Beast,2017,7.2,65,235052,504014165,72.0
227,The A-Team,2010,6.8,47,234491,77222099,68.0
228,Unknown,2011,6.9,56,234388,63686397,69.0
229,Snowpiercer,2013,7.1,84,234237,4563650,71.0
230,Olympus Has Fallen,2013,6.5,41,234038,98925640,65.0
231,Non-Stop,2014,7.0,56,233712,92168600,70.0
232,Dredd,2012,7.1,60,233656,13414714,71.0
233,Kong: Skull Island,2017,6.6,62,233188,168052812,66.0
234,The World's End,2013,7.0,81,232503,26004851,70.0
235,Terminator Genisys,2015,6.4,38,232369,89760956,64.0
236,The Accountant,2016,7.3,51,231467,86260045,73.0
237,Ant-Man and the Wasp,2018,7.1,70,229339,216648740,71.0
238,Dark Shadows,2012,6.2,55,228524,79727149,62.0
239,Chronicle,2012,7.1,69,228485,64575175,71.0
240,Noah,2014,5.8,68,228424,101200044,58.0
241,The Grey,2011,6.8,64,228017,51580136,68.0
242,Lincoln,2012,7.4,86,227766,182207973,74.0
243,Total Recall,2012,6.3,43,227630,58877969,63.0
244,Mission: Impossible - Fallout,2018,7.8,86,227318,220159104,78.0
245,The Adjustment Bureau,2011,7.1,60,226739,62495645,71.0
246,Kung Fu Panda 2,2011,7.2,67,226601,165249063,72.0
247,Kingsman: The Golden Circle,2017,6.8,44,226518,100234838,68.0
248,The Place Beyond the Pines,2012,7.3,68,225716,21383298,73.0
249,Pirates of the Caribbean: Dead Men Tell No Tales,2017,6.6,39,225387,172558876,66.0
250,Moonlight,2016,7.4,99,224913,27850912,74.0
251,Battleship,2012,5.8,41,224662,65422625,58.0
252,Alien: Covenant,2017,6.4,65,224376,74262031,64.0
253,Warcraft: The Beginning,2016,6.9,32,224188,47365290,69.0
254,Predestination,2014,7.5,69,223718,68372,75.0
255,Annihilation,2018,6.9,79,223475,32732301,69.0
256,The Descendants,2011,7.3,84,222972,82584160,73.0
257,Creed,2015,7.6,82,222535,109767581,76.0
258,Seven Psychopaths,2012,7.2,66,222504,15024049,72.0
259,Moana,2016,7.6,81,221388,248757044,76.0
260,The Other Guys,2010,6.7,64,220547,119219978,67.0
261,Paul,2011,7.0,57,219553,37412945,70.0
262,Solo: A Star Wars Story,2018,7.0,62,219523,213767512,70.0
263,Sucker Punch,2011,6.1,33,217655,36392502,61.0
264,I Am Number Four,2011,6.1,36,216957,55100437,61.0
265,The Artist,2011,7.9,89,216509,44671682,79.0
266,Don Jon,2013,6.6,66,215475,24477704,66.0
267,Rango,2011,7.2,75,214564,123477607,72.0
268,The Twilight Saga: Breaking Dawn - Part 2,2012,5.5,52,213951,292298923,55.0
269,Now You See Me 2,2016,6.5,46,213526,65075540,65.0
270,Jurassic World: Fallen Kingdom,2018,6.2,51,213328,417719760,62.0
271,Lawless,2012,7.3,58,213295,37400127,73.0
272,Spy,2015,7.0,75,212917,110825712,70.0
273,Chappie,2015,6.8,41,212706,31569268,68.0
274,Manchester by the Sea,2016,7.8,96,212570,47695120,78.0
275,Finding Dory,2016,7.3,77,211467,486295561,73.0
276,Ender's Game,2013,6.6,51,210853,61737191,66.0
277,The Twilight Saga: Eclipse,2010,5.0,58,210600,300531751,50.0
278,Escape Plan,2013,6.7,49,210575,25132228,67.0
279,End of Watch,2012,7.6,68,210386,41003371,76.0
280,Grown Ups,2010,6.0,30,209344,162001186,60.0
281,Star Trek Beyond,2016,7.1,68,208426,158848340,71.0
282,The Lone Ranger,2013,6.4,37,208000,89302115,64.0
283,Warm Bodies,2013,6.9,60,207961,66380662,69.0
284,The Twilight Saga: Breaking Dawn - Part 1,2011,4.9,45,207309,281287133,49.0
285,The Ides of March,2011,7.1,67,206996,40962534,71.0
286,Megamind,2010,7.3,63,206225,148415853,73.0
287,The Tourist,2010,6.0,37,205780,67631157,60.0
288,RoboCop,2014,6.2,52,204999,58607007,62.0
289,Transcendence,2014,6.3,42,203701,23022309,63.0
290,Hotel Transylvania,2012,7.1,47,203439,148313048,71.0
291,Nocturnal Animals,2016,7.5,67,203344,10639114,75.0
292,The Adventures of Tintin,2011,7.3,68,201645,77591831,73.0
293,Contagion,2011,6.6,70,200837,75658097,66.0
294,Sully,2016,7.5,74,200618,125070033,75.0
295,Just Go with It,2011,6.4,33,199858,103028109,64.0
296,Maze Runner: The Scorch Trials,2015,6.3,43,199629,81697192,63.0
297,War for the Planet of the Apes,2017,7.5,82,199084,146880162,75.0
298,Predators,2010,6.4,51,198759,52000688,64.0
299,Southpaw,2015,7.4,57,198671,52421953,74.0
300,Insurgent,2015,6.2,42,198431,130179072,62.0
301,Sinister,2012,6.8,53,197048,48086903,68.0
302,Incredibles 2,2018,7.7,80,196905,608581744,77.0
303,No Strings Attached,2011,6.2,50,196765,70662220,62.0
304,The Greatest Showman,2017,7.6,48,196726,174340174,76.0
305,The Lincoln Lawyer,2011,7.3,63,195468,58009200,73.0
306,Cowboys & Aliens,2011,6.0,50,195128,100240551,60.0
307,Gangster Squad,2013,6.7,40,194895,46000903,67.0
308,A Separation,2011,8.3,95,194614,7098492,83.0
309,Minions,2015,6.4,56,192438,336045770,64.0
310,The Conjuring 2,2016,7.4,65,192013,102470008,74.0
311,Safe House,2012,6.8,52,191853,126373434,68.0
312,Teenage Mutant Ninja Turtles,2014,5.8,31,191662,191204754,58.0
313,Oz the Great and Powerful,2013,6.3,44,191591,234911825,63.0
314,American Reunion,2012,6.7,49,191510,57011521,67.0
315,San Andreas,2015,6.1,43,191256,155190832,61.0
316,Focus,2015,6.6,56,191048,53862963,66.0
317,White House Down,2013,6.4,52,190851,73103784,64.0
318,Rio,2011,6.9,63,190654,143619809,69.0
319,The Intern,2015,7.1,51,190281,75764672,71.0
320,Jason Bourne,2016,6.6,58,189257,162434410,66.0
321,Spider-Man: Into the Spider-Verse,2018,8.5,87,188983,190241310,85.0
322,A Good Day to Die Hard,2013,5.3,28,187665,67349198,53.0
323,Pain & Gain,2013,6.4,45,186959,49875291,64.0
324,Ghostbusters,2016,5.2,60,185614,128344089,52.0
325,Green Book,2018,8.3,69,185104,85074156,83.0
326,Don't Breathe,2016,7.1,71,184636,89217875,71.0
327,Hansel & Gretel: Witch Hunters,2013,6.1,23,182433,55703475,61.0
328,The Purge,2013,5.7,41,182118,64473115,57.0
329,Machete,2010,6.6,60,181750,26593646,66.0
330,2 Guns,2013,6.7,55,181215,75612460,67.0
331,Life,2017,6.6,54,181117,30234022,66.0
332,After Earth,2013,4.8,33,180955,60522097,48.0
333,It Follows,2014,6.9,83,180924,14673301,69.0
334,The Lobster,2015,7.1,82,180361,8699235,71.0
335,Bad Teacher,2011,5.7,47,180361,100292856,57.0
336,Everest,2015,7.1,64,180222,43482270,71.0
337,Lion,2016,8.1,69,179850,51739495,81.0
338,The Internship,2013,6.3,42,179218,44672764,63.0
339,Blue Jasmine,2013,7.3,78,178708,33405481,73.0
340,Hanna,2011,6.8,65,178450,40259119,68.0
341,The Fate of the Furious,2017,6.7,56,177678,226008385,67.0
342,Project X,2012,6.7,48,177108,54731865,67.0
343,The Impossible,2012,7.6,73,176631,19019882,76.0
344,Murder on the Orient Express,2017,6.5,52,176480,102826543,65.0
345,The Croods,2013,7.2,55,175899,187168425,72.0
346,The Raid: Redemption,2011,7.6,73,175013,4105123,76.0
347,Ghost in the Shell,2017,6.4,52,174603,40533014,64.0
348,Lady Bird,2017,7.4,94,174571,48958273,74.0
349,Hell or High Water,2016,7.6,88,174538,26862450,76.0
350,Ice Age: Continental Drift,2012,6.6,49,174310,161321843,66.0
351,Tinker Tailor Soldier Spy,2011,7.1,85,174245,24149393,71.0
352,The Vow,2012,6.8,43,172786,125014030,68.0
353,Unstoppable,2010,6.8,69,172256,81562942,68.0
354,Chef,2014,7.3,68,172124,30640336,73.0
355,Wrath of the Titans,2012,5.7,37,171538,83670083,57.0
356,Me Before You,2016,7.4,51,171100,56245075,74.0
357,Shame,2011,7.2,72,170696,4000304,72.0
358,The Babadook,2014,6.8,86,169725,924279,68.0
359,Blue Valentine,2010,7.4,81,169345,9737892,74.0
360,Knight and Day,2010,6.3,46,169304,76423035,63.0
361,Hidden Figures,2016,7.8,74,169295,169607287,78.0
362,Side Effects,2013,7.1,75,167943,32172757,71.0
363,The Magnificent Seven,2016,6.9,54,167363,93432655,69.0
364,King Arthur: Legend of the Sword,2017,6.8,41,167083,39175066,68.0
365,The Next Three Days,2010,7.4,52,166928,21148651,74.0
366,This Means War,2012,6.3,31,166889,54760791,63.0
367,Love & Other Drugs,2010,6.7,55,166807,32367005,67.0
368,Battle Los Angeles,2011,5.8,37,166652,83552429,58.0
369,Wind River,2017,7.7,73,166456,33800859,77.0
370,Shrek Forever After,2010,6.3,58,166245,238371987,63.0
371,Jupiter Ascending,2015,5.3,40,165617,47387723,53.0
372,Assassin's Creed,2016,5.8,36,165586,54647948,58.0
373,G.I. Joe: Retaliation,2013,5.8,41,165072,122523060,58.0
374,The Woman in Black,2012,6.4,62,164824,54333290,64.0
375,Straight Outta Compton,2015,7.9,72,164414,161197785,79.0
376,Ted 2,2015,6.3,48,164376,81476385,63.0
377,Percy Jackson & the Olympians: The Lightning Thief,2010,5.9,47,164366,88761720,59.0
378,Taken 3,2014,6.0,26,164052,89256424,60.0
379,Dracula Untold,2014,6.3,40,164002,56280355,63.0
380,The Judge,2014,7.4,48,161797,47119388,74.0
381,Get Him to the Greek,2010,6.4,65,161215,60974475,64.0
382,Tomorrowland,2015,6.4,60,160710,93436322,64.0
383,Tomb Raider,2018,6.3,48,160243,57421715,63.0
384,A Million Ways to Die in the West,2014,6.1,44,159797,43139300,61.0
385,The Secret Life of Pets,2016,6.5,61,159776,368384330,65.0
386,The Hitman's Bodyguard,2017,6.9,47,159593,75468583,69.0
387,Game Night,2018,7.0,66,158950,69001013,70.0
388,Sausage Party,2016,6.2,66,157912,97661826,62.0
389,Mama,2013,6.2,57,157804,71628180,62.0
390,Captain Fantastic,2016,7.9,72,157565,5875006,79.0
391,Fantastic Beasts: The Crimes of Grindelwald,2018,6.7,52,156275,159555901,67.0
392,Mud,2012,7.4,76,156255,21590086,74.0
393,The Tree of Life,2011,6.8,85,155667,13303319,68.0
394,The Expendables 3,2014,6.1,35,155410,39322544,61.0
395,Anchorman 2: The Legend Continues,2013,6.3,61,155289,127352707,63.0
396,Black Mass,2015,6.9,68,155141,62575678,69.0
397,The Change-Up,2011,6.3,39,154687,37081475,63.0
398,Independence Day: Resurgence,2016,5.2,32,154385,103144286,52.0
399,Need for Speed,2014,6.5,39,154282,43577636,65.0
400,Mother!,2017,6.6,75,153777,17800004,66.0
401,Hot Tub Time Machine,2010,6.4,63,153438,50287556,64.0
402,Tucker and Dale vs Evil,2010,7.5,65,152999,223838,75.0
403,The Heat,2013,6.6,60,152927,159582188,66.0
404,Melancholia,2011,7.2,80,152683,3029870,72.0
405,War Dogs,2016,7.1,57,152667,43017433,71.0
406,Resident Evil: Afterlife,2010,5.9,37,152621,60128566,59.0
407,Immortals,2011,6.0,46,152480,83504017,60.0
408,The Mummy,2017,5.5,34,152332,80101125,55.0
409,The Witch,2015,6.8,83,151603,25138292,68.0
410,Call Me by Your Name,2017,7.9,93,150866,18095701,79.0
411,Exodus: Gods and Kings,2014,6.0,52,150342,65014513,60.0
412,Wild Tales,2014,8.1,77,149569,3107072,81.0
413,The Girl on the Train,2016,6.5,48,149418,75395035,65.0
414,The Legend of Tarzan,2016,6.3,44,149020,126643061,63.0
415,The Green Hornet,2011,5.8,39,148176,98780042,58.0
416,RED 2,2013,6.6,47,148103,53262560,66.0
417,Atomic Blonde,2017,6.7,63,147992,51573925,67.0
418,The Ghost Writer,2010,7.2,77,147894,15541549,72.0
419,The Danish Girl,2015,7.1,66,145871,12706393,71.0
420,Evil Dead,2013,6.5,57,145694,54239856,65.0
421,Madagascar 3: Europe's Most Wanted,2012,6.8,60,145572,216391482,68.0
422,Hereditary,2018,7.3,87,145564,44069456,73.0
423,The Karate Kid,2010,6.2,61,145476,176591618,62.0
424,Rise of the Guardians,2012,7.3,57,144580,103412758,73.0
425,Riddick,2013,6.4,49,144176,42025135,64.0
426,Date Night,2010,6.3,56,144119,98711404,63.0
427,Horrible Bosses 2,2014,6.3,40,143514,54445357,63.0
428,The Sorcerer's Apprentice,2010,6.1,46,143233,63150991,61.0
429,Abraham Lincoln: Vampire Hunter,2012,5.9,42,142400,37519139,59.0
430,Enemy,2013,6.9,61,142018,1007088,69.0
431,Cinderella,2015,6.9,67,141217,201151353,69.0
432,The Mechanic,2011,6.6,49,140655,29121498,66.0
433,Insidious: Chapter 2,2013,6.6,40,140079,83586447,66.0
434,Saving Mr. Banks,2013,7.5,65,139897,83301580,75.0
435,Sin City: A Dame to Kill For,2014,6.5,46,139873,13757804,65.0
436,Miss Peregrine's Home for Peculiar Children,2016,6.7,57,139645,87242834,67.0
437,Ocean's Eight,2018,6.2,61,139496,139377762,62.0
438,Fantastic Four,2015,4.3,27,139244,56117548,43.0
439,Buried,2010,7.0,65,138739,1028658,70.0
440,"I, Tonya",2017,7.5,77,138712,30014539,75.0
441,BlacKkKlansman,2018,7.5,83,138711,48686605,75.0
442,Valerian and the City of a Thousand Planets,2017,6.5,51,138071,41189488,65.0
443,The Age of Adaline,2015,7.2,51,138026,42478175,72.0
444,Steve Jobs,2015,7.2,82,137905,17766658,72.0
445,Legend,2015,7.0,55,137843,1872994,70.0
446,Underworld Awakening,2012,6.4,39,137804,62321039,64.0
447,Inferno,2016,6.2,42,137775,34343574,62.0
448,Cars 2,2011,6.2,57,137311,191452396,62.0
449,Man on a Ledge,2012,6.6,40,137132,18620000,66.0
450,The Last Airbender,2010,4.1,20,137125,131564731,41.0
451,Central Intelligence,2016,6.3,52,136961,127440871,63.0
452,Hercules,2014,6.0,47,136776,72688614,60.0
453,War Horse,2011,7.2,72,135590,79884879,72.0
454,47 Ronin,2013,6.3,28,134808,38362475,63.0
455,Darkest Hour,2017,7.4,75,134465,56443120,74.0
456,Red Sparrow,2018,6.6,53,134087,46874505,66.0
457,Baywatch,2017,5.6,37,133889,58060186,56.0
458,The Spectacular Now,2013,7.1,82,133066,6851969,71.0
459,Puss in Boots,2011,6.6,65,132583,149260504,66.0
460,Deepwater Horizon,2016,7.1,68,132239,61284947,71.0
461,The Way Way Back,2013,7.4,68,132182,21501098,74.0
462,The Drop,2014,7.1,69,131572,10724389,71.0
463,The Master,2012,7.1,86,130413,16377274,71.0
464,Your Name.,2016,8.4,79,130321,5017246,84.0
465,Pitch Perfect 2,2015,6.4,63,129857,184296230,64.0
466,Never Let Me Go,2010,7.1,69,129616,2434652,71.0
467,Unbroken,2014,7.2,59,129331,115637895,72.0
468,Begin Again,2013,7.4,62,129048,16170632,74.0
469,Remember Me,2010,7.1,40,128844,19068240,71.0
470,American Made,2017,7.2,65,128828,51342000,72.0
471,The Chronicles of Narnia: The Voyage of the Dawn Treader,2010,6.3,53,128729,104386950,63.0
472,Dear John,2010,6.3,43,127889,80014842,63.0
473,Grown Ups 2,2013,5.4,19,127796,133668525,54.0
474,One Day,2011,7.0,48,127448,13843771,70.0
475,Winter's Bone,2010,7.2,90,127325,6531503,72.0
476,We Bought a Zoo,2011,7.1,58,126316,75624550,71.0
477,The Last Stand,2013,6.4,54,126242,12050299,64.0
478,Spring Breakers,2012,5.3,63,125737,14123773,53.0
479,Foxcatcher,2014,7.0,81,125525,12096300,70.0
480,The Purge: Anarchy,2014,6.5,50,125461,71962800,65.0
481,It's Kind of a Funny Story,2010,7.1,63,125204,6350058,71.0
482,Carrie,2013,5.9,53,124763,35266619,59.0
483,Tower Heist,2011,6.2,59,124692,78046570,62.0
484,Resident Evil: Retribution,2012,5.4,39,124655,42345531,54.0
485,Allied,2016,7.1,60,124343,40069087,71.0
486,Killing Them Softly,2012,6.2,64,123788,15026056,62.0
487,What We Do in the Shadows,2014,7.7,76,123727,3333000,77.0
488,London Has Fallen,2016,5.9,28,123640,62678608,59.0
489,Magic Mike,2012,6.1,72,123434,113721571,61.0
490,Blue Is the Warmest Color,2013,7.8,88,123389,2199675,78.0
491,Inside Llewyn Davis,2013,7.5,93,123009,13235319,75.0
492,The Gift,2015,7.1,77,122992,43771291,71.0
493,Into the Woods,2014,6.0,69,122951,128002372,60.0
494,Incendies,2010,8.3,80,122901,6857096,83.0
495,We Need to Talk About Kevin,2011,7.5,68,122753,1738692,75.0
496,The Skin I Live In,2011,7.6,70,122700,3185812,76.0
497,Jack the Giant Slayer,2013,6.3,51,122438,65187603,63.0
498,The Other Woman,2014,6.0,39,122312,83911193,60.0
499,Before Midnight,2013,7.9,94,122256,8114627,79.0
500,Green Zone,2010,6.8,63,121827,35053660,68.0
501,Devil,2010,6.2,44,121659,33583175,62.0
502,The Mortal Instruments: City of Bones,2013,5.9,33,121406,31165421,59.0
503,Trainwreck,2015,6.2,75,121285,110212700,62.0
504,Let's Be Cops,2014,6.4,30,121272,82390774,64.0
505,Last Vegas,2013,6.6,48,121035,63914167,66.0
506,Jack Reacher: Never Go Back,2016,6.1,47,120638,58697076,61.0
507,Annabelle,2014,5.4,37,120568,84273813,54.0
508,The Kids Are All Right,2010,7.0,86,120395,20811365,70.0
509,Locke,2013,7.1,81,119945,1361423,71.0
510,Pixels,2015,5.6,27,119020,78747585,56.0
511,Crimson Peak,2015,6.5,66,118619,31056945,65.0
512,The Book Thief,2013,7.6,53,118463,21488481,76.0
513,This Is 40,2012,6.2,59,118460,67544505,62.0
514,The Campaign,2012,6.1,50,118390,86907746,61.0
515,Scream 4,2011,6.2,52,118279,38180928,62.0
516,Snowden,2016,7.3,58,118033,21587519,73.0
517,Dumb and Dumber To,2014,5.6,36,117930,86208010,56.0
518,Killer Elite,2011,6.5,44,117407,25124986,65.0
519,Joy,2015,6.6,56,117368,56451232,66.0
520,The Monuments Men,2014,6.1,52,117142,78031620,61.0
521,Transformers: The Last Knight,2017,5.2,27,117069,130168683,52.0
522,She's Out of My League,2010,6.4,46,116766,31584722,64.0
523,Brooklyn,2015,7.5,88,116243,38317535,75.0
524,Still Alice,2014,7.5,72,116168,18754371,75.0
525,J. Edgar,2011,6.6,59,115507,37306030,66.0
526,The Watch,2012,5.7,36,115435,35353000,57.0
527,Savages,2012,6.5,59,115302,47382068,65.0
528,The Lego Batman Movie,2017,7.3,75,114938,175750384,73.0
529,Identity Thief,2013,5.7,35,114924,134506920,57.0
530,First Man,2018,7.4,84,114885,44936545,74.0
531,Kung Fu Panda 3,2016,7.1,66,114672,143528619,71.0
532,Sing,2016,7.1,59,114572,270395425,71.0
533,Jack Ryan: Shadow Recruit,2014,6.2,57,114427,50577412,62.0
534,Hall Pass,2011,5.9,45,113427,45060734,59.0
535,Rampage,2018,6.1,45,113046,99345950,61.0
536,Life as We Know It,2010,6.6,39,112483,53374681,66.0
537,Under the Skin,2013,6.3,78,112398,2605039,63.0
538,The Bounty Hunter,2010,5.6,22,111932,67061228,56.0
539,Me and Earl and the Dying Girl,2015,7.8,74,111885,6743776,78.0
540,Safety Not Guaranteed,2012,7.0,72,111557,4010957,70.0
541,Contraband,2012,6.5,51,111374,66528000,65.0
542,The Thing,2011,6.2,49,111315,16928670,62.0
543,Carnage,2011,7.2,61,110942,2547047,72.0
544,"Hail, Caesar!",2016,6.3,72,110656,30080225,63.0
545,Get Hard,2015,6.0,34,110434,90411453,60.0
546,The Great Wall,2016,6.0,42,110347,45540830,60.0
547,The Disaster Artist,2017,7.4,76,110077,21120616,74.0
548,Johnny English Reborn,2011,6.3,46,110060,8305970,63.0
549,Wonder,2017,8.0,66,109830,132422809,80.0
550,Wild,2014,7.1,76,109595,37880356,71.0
551,The Walk,2015,7.3,70,109126,10137502,73.0
552,R.I.P.D.,2013,5.6,25,108551,33618855,56.0
553,The Favourite,2018,7.6,90,108298,34243870,76.0
554,Priest,2011,5.7,41,107854,29136626,57.0
555,In the Heart of the Sea,2015,6.9,47,107772,25020758,69.0
556,The Meg,2018,5.7,46,107746,143005856,57.0
557,Train to Busan,2016,7.5,72,107177,2129768,75.0
558,If I Stay,2014,6.8,46,106929,50474843,68.0
559,Margin Call,2011,7.1,76,106856,5354039,71.0
560,Valentine's Day,2010,5.7,34,106817,110485654,57.0
561,From Paris with Love,2010,6.5,42,106760,23979741,65.0
562,Let Me In,2010,7.1,79,106576,12134420,71.0
563,The Post,2017,7.2,83,106295,81903458,72.0
564,Oculus,2013,6.5,61,106264,27695246,65.0
565,Nymphomaniac: Vol. I,2013,6.9,64,106095,785669,69.0
566,The Shallows,2016,6.3,59,105846,55121623,63.0
567,Blended,2014,6.5,31,105793,46294610,65.0
568,The Dark Tower,2017,5.7,34,105666,50701325,57.0
569,Water for Elephants,2011,6.9,52,105471,58709717,69.0
570,The Host,2013,5.9,35,105266,26627201,59.0
571,Isle of Dogs,2018,7.9,82,105056,32015231,79.0
572,Parker,2013,6.2,42,105028,17616641,62.0
573,Premium Rush,2012,6.5,66,105003,20275446,65.0
574,Nebraska,2013,7.7,86,104966,17654912,77.0
575,Kubo and the Two Strings,2016,7.8,84,104673,48023088,78.0
576,A Walk Among the Tombstones,2014,6.5,57,104653,26307600,65.0
577,Logan Lucky,2017,7.0,78,104638,27780977,70.0
578,Trance,2013,6.9,61,104574,2319187,69.0
579,The Giver,2014,6.5,47,104570,45089048,65.0
580,I Origins,2014,7.4,57,104047,334658,74.0
581,The Crazies,2010,6.5,55,104036,39123589,65.0
582,The Raid 2,2014,8.0,71,103844,2625803,80.0
583,"Love, Rosie",2014,7.2,44,103763,14893,72.0
584,The Call,2013,6.7,51,103220,51872378,67.0
585,Ghost Rider: Spirit of Vengeance,2011,4.3,34,103031,51774002,43.0
586,The Big Sick,2017,7.6,86,102965,42872467,76.0
587,13 Hours,2016,7.3,48,102723,52853219,73.0
588,Molly's Game,2017,7.5,71,102542,28780744,75.0
589,The Family,2013,6.3,42,102184,36918811,63.0
590,Lee Daniels' The Butler,2013,7.2,66,102133,116632095,72.0
591,Red Riding Hood,2011,5.5,29,102019,37662162,55.0
592,Nerve,2016,6.5,58,101969,38562379,65.0
593,Percy Jackson: Sea of Monsters,2013,5.8,39,101823,68559554,58.0
594,Seeking a Friend for the End of the World,2012,6.7,59,101756,6619173,67.0
595,Neighbors 2: Sorority Rising,2016,5.7,58,101736,55291815,57.0
596,The Way Back,2010,7.3,66,101728,2701859,73.0
597,The Visit,2015,6.2,55,101683,65206105,62.0
598,Upgrade,2018,7.6,67,100484,11871365,76.0
599,Dirty Grandpa,2016,5.9,21,100373,35537564,59.0
600,Bad Moms,2016,6.2,60,100052,113257297,62.0
601,Sex Tape,2014,5.1,36,99980,38543473,51.0
602,Pompeii,2014,5.5,39,99863,23219748,55.0
603,Only God Forgives,2013,5.7,37,99835,778565,57.0
604,Carol,2015,7.2,95,99825,12711491,72.0
605,Lights Out,2016,6.3,58,99532,67268835,63.0
606,Little Fockers,2010,5.5,27,98742,148383780,55.0
607,Out of the Furnace,2013,6.8,63,98642,11326836,68.0
608,The Three Musketeers,2011,5.8,35,98149,20377913,58.0
609,Homefront,2013,6.5,40,98113,20158492,65.0
610,The Wolfman,2010,5.8,43,97529,61979680,58.0
611,Final Destination 5,2011,5.9,50,97491,42587643,59.0
612,Stoker,2013,6.8,58,97064,1702277,68.0
613,Safe Haven,2013,6.7,34,96429,71349120,67.0
614,The Founder,2016,7.2,66,96391,12785093,72.0
615,Daddy's Home,2015,6.2,42,96042,150357137,62.0
616,Safe,2012,6.5,55,95982,17142080,65.0
617,Repo Men,2010,6.3,32,95831,13794835,63.0
618,The Iron Lady,2011,6.4,54,95714,30017992,64.0
619,T2 Trainspotting,2017,7.2,67,95699,2402004,72.0
620,The Best Offer,2013,7.8,49,95359,85433,78.0
621,Burnt,2015,6.6,42,95101,13650738,66.0
622,Epic,2013,6.7,52,95034,107518682,67.0
623,The Rum Diary,2011,6.2,56,94558,13100042,62.0
624,Gods of Egypt,2016,5.4,25,94314,31153464,54.0
625,Fright Night,2011,6.4,64,94240,18298649,64.0
626,Allegiant,2016,5.7,33,94171,66184051,57.0
627,Ride Along,2014,6.2,41,93916,134938200,62.0
628,The Lucky One,2012,6.5,39,93860,60457138,65.0
629,Run All Night,2015,6.6,59,93686,26442251,66.0
630,Attack the Block,2011,6.6,75,93572,1024175,66.0
631,Wall Street: Money Never Sleeps,2010,6.2,59,93208,52474616,62.0
632,Faster,2010,6.5,44,93205,23240020,65.0
633,I Saw the Devil,2010,7.8,67,93175,128392,78.0
634,The Equalizer 2,2018,6.7,50,93172,102084362,67.0
635,Filth,2013,7.1,56,93068,34321,71.0
636,A Dangerous Method,2011,6.4,76,92922,5702083,64.0
637,Extremely Loud & Incredibly Close,2011,6.9,46,92898,31847881,69.0
638,Paranormal Activity 2,2010,5.7,53,92742,84752907,57.0
639,Your Highness,2011,5.5,31,92724,21596445,55.0
640,The Boss Baby,2017,6.3,50,92384,175003033,63.0
641,Night at the Museum: Secret of the Tomb,2014,6.2,47,92207,113746621,62.0
642,Movie 43,2013,4.3,18,92183,8828771,43.0
643,Legion,2010,5.2,32,92150,40168080,52.0
644,Hotel Transylvania 2,2015,6.7,44,91995,169700110,67.0
645,The Counsellor,2013,5.3,48,91782,16973715,53.0
646,Sicario: Day of the Soldado,2018,7.1,61,91766,50072235,71.0
647,Searching,2018,7.7,71,91737,26020957,77.0
648,That Awkward Moment,2014,6.2,36,91684,26049082,62.0
649,Dinner for Schmucks,2010,5.9,56,90977,73026337,59.0
650,Headhunters,2011,7.6,72,90935,1196752,76.0
651,Power Rangers,2017,6.0,44,90898,85067486,60.0
652,The Good Dinosaur,2015,6.7,66,90895,123087120,67.0
653,Swiss Army Man,2016,7.0,64,90805,4208879,70.0
654,Despicable Me 3,2017,6.3,49,90767,264624300,63.0
655,Crazy Rich Asians,2018,7.0,74,90741,174532921,70.0
656,Ruby Sparks,2012,7.2,67,90685,2540106,72.0
657,Conan the Barbarian,2011,5.2,36,90523,21295021,52.0
658,My Name Is Khan,2010,8.0,50,90503,4018695,80.0
659,The Switch,2010,6.1,52,90268,27758465,61.0
660,The 5th Wave,2016,5.2,33,90178,34912982,52.0
661,The Predator,2018,5.4,48,89917,51024708,54.0
662,Drive Angry,2011,5.4,44,89888,10706786,54.0
663,Green Room,2015,7.0,79,89665,3219029,70.0
664,The Lorax,2012,6.4,46,89644,214030500,64.0
665,Maze Runner: The Death Cure,2018,6.2,50,89365,58032443,62.0
666,Lockout,2012,6.1,48,89345,14326864,61.0
667,St. Vincent,2014,7.3,64,89075,44134898,73.0
668,Frankenweenie,2012,7.0,74,89018,35291068,70.0
669,Why Him?,2016,6.2,39,88851,60269575,62.0
670,Annabelle: Creation,2017,6.5,62,88582,102092201,65.0
671,Jobs,2013,5.9,44,88502,16117443,59.0
672,Coherence,2013,7.2,65,88494,68877,72.0
673,Philomena,2013,7.6,77,88387,37707719,76.0
674,The Five-Year Engagement,2012,6.2,62,88152,28835528,62.0
675,The Killing of a Sacred Deer,2017,7.0,73,88034,2291901,70.0
676,Pacific Rim: Uprising,2018,5.6,44,87534,59185715,56.0
677,Colombiana,2011,6.4,45,87236,36665854,64.0
678,Paper Towns,2015,6.3,56,87196,32000304,63.0
679,Hereafter,2010,6.5,56,87097,32746941,65.0
680,Vacation,2015,6.1,34,86979,58884188,61.0
681,The Huntsman: Winter's War,2016,6.1,35,86960,48390190,61.0
682,30 Minutes or Less,2011,6.1,49,86847,37053924,61.0
683,ParaNorman,2012,7.0,72,86834,56003051,70.0
684,The American,2010,6.3,61,86665,35606376,63.0
685,Hunt for the Wilderpeople,2016,7.9,81,86578,5202582,79.0
686,The Edge of Seventeen,2016,7.4,77,86285,14260193,74.0
687,Ip Man 2,2010,7.6,67,86055,205675,76.0
688,Letters to Juliet,2010,6.6,50,85802,53032453,66.0
689,Money Monster,2016,6.5,55,85779,41012075,65.0
690,Fences,2016,7.2,79,85729,57642961,72.0
691,The Nun,2018,5.4,46,85725,117443149,54.0
692,Leap Year,2010,6.5,33,85594,25918920,65.0
693,Bad Grandpa,2013,6.5,54,85523,102003019,65.0
694,The Best Exotic Marigold Hotel,2011,7.3,62,85498,46412041,73.0
695,Another Earth,2011,7.0,66,85486,1316074,70.0
696,The Last Witch Hunter,2015,6.0,34,85483,27367660,60.0
697,Home,2015,6.6,55,85460,177397510,66.0
698,Paranormal Activity 3,2011,5.8,59,85364,104007828,58.0
699,Season of the Witch,2011,5.4,28,85356,24827228,54.0
700,The Rite,2011,6.0,38,85273,33047633,60.0
701,Bumblebee,2018,6.9,66,85263,127195589,69.0
702,A Nightmare on Elm Street,2010,5.2,35,85201,63075011,52.0
703,Phantom Thread,2017,7.5,90,84718,21023275,75.0
704,Halloween,2018,6.7,67,84634,159342015,67.0
705,Amour,2012,7.9,94,84601,6739492,79.0
706,Edge of Darkness,2010,6.6,55,84489,43313890,66.0
707,Silence,2016,7.2,79,84380,7079191,72.0
708,Anna Karenina,2012,6.6,63,84285,12816367,66.0
709,Monsters,2010,6.4,63,84038,237301,64.0
710,Happy Death Day,2017,6.5,58,83996,55683845,65.0
711,Paddington,2014,7.2,77,83785,76271832,72.0
712,Beginners,2010,7.2,81,83534,5790894,72.0
713,Skyline,2010,4.4,26,83521,21371425,44.0
714,The Losers,2010,6.4,44,83455,23580735,64.0
715,Saw 3D: The Final Chapter,2010,5.6,24,83077,45710178,56.0
716,Journey 2: The Mysterious Island,2012,5.8,41,82969,103860290,58.0
717,Take Shelter,2011,7.4,85,82799,1729969,74.0
718,Inherent Vice,2014,6.7,81,82754,8110975,67.0
719,That's My Boy,2012,5.6,31,82528,36931089,56.0
720,The Muppets,2011,7.1,75,82524,88631237,71.0
721,Insidious: Chapter 3,2015,6.1,52,82045,52218558,61.0
722,Killers,2010,5.4,21,81953,47059963,54.0
723,The Guest,2014,6.7,76,81649,322600,67.0
724,Here Comes the Boom,2012,6.4,40,81509,45290318,64.0
725,Cop Out,2010,5.6,31,81418,44875481,56.0
726,3 Days to Kill,2014,6.2,40,81325,30697999,62.0
727,The Brothers Grimsby,2016,6.2,44,81278,6864016,62.0
728,The Commuter,2018,6.3,56,81175,36343858,63.0
729,Gifted,2017,7.6,60,81161,24801212,76.0
730,Piranha 3D,2010,5.4,53,81041,25003155,54.0
731,Fifty Shades Darker,2017,4.6,33,80835,114376885,46.0
732,Tag,2018,6.6,56,80677,54547470,66.0
733,Our Idiot Brother,2011,6.4,60,80560,24814830,64.0
734,Cloudy with a Chance of Meatballs 2,2013,6.4,59,80378,119793567,64.0
735,Only Lovers Left Alive,2013,7.3,79,80318,1879534,73.0
736,Self/less,2015,6.5,34,80295,12276810,65.0
737,The Foreigner,2017,7.0,55,80252,34393507,70.0
738,Hitman: Agent 47,2015,5.7,28,80132,22467450,57.0
739,Mr. Popper's Penguins,2011,6.0,53,80091,68224452,60.0
740,Biutiful,2010,7.5,58,80052,5101237,75.0
741,Bad Times at the El Royale,2018,7.1,60,80039,17839115,71.0
742,A Simple Favor,2018,6.9,67,79890,53542417,69.0
743,Ralph Breaks the Internet,2018,7.1,71,79883,201091711,71.0
744,"Love, Simon",2018,7.6,72,79593,40826341,76.0
745,Goon,2011,6.8,64,79579,4168144,68.0
746,The Purge: Election Year,2016,6.0,55,79562,79003080,60.0
747,Beautiful Creatures,2013,6.2,52,79513,19452138,62.0
748,Submarine,2010,7.3,76,79496,466702,73.0
749,The Raven,2012,6.4,44,79439,16008272,64.0
750,Mirror Mirror,2012,5.6,46,79190,64935167,56.0
751,August: Osage County,2013,7.2,58,79117,37738503,72.0
752,To Rome with Love,2012,6.3,54,79108,16685867,63.0
753,My Week with Marilyn,2011,7.0,65,79095,14600347,70.0
754,Alice Through the Looking Glass,2016,6.2,34,78985,77042381,62.0
755,You're Next,2011,6.6,66,78950,18474268,66.0
756,Stuck in Love,2012,7.2,49,78612,78950,72.0
757,Haywire,2011,5.8,67,78512,18942396,58.0
758,Skyscraper,2018,5.8,51,78455,67796355,58.0
759,Nymphomaniac: Vol. II,2013,6.7,60,78315,326983,67.0
760,Collateral Beauty,2016,6.8,23,78020,30982955,68.0
761,Snitch,2013,6.5,51,77738,42930462,65.0
762,The Bling Ring,2013,5.6,66,77491,5841046,56.0
763,Hardcore Henry,2015,6.7,51,77363,9252038,67.0
764,xXx: Return of Xander Cage,2017,5.2,42,77327,44898413,52.0
765,Demolition,2015,7.0,49,77267,1978592,70.0
766,Beasts of the Southern Wild,2012,7.3,86,77232,12795746,73.0
767,Selma,2014,7.5,88,77229,52076908,75.0
768,42,2013,7.5,62,77229,95001343,75.0
769,The Handmaiden,2016,8.1,84,77189,2005473,81.0
770,The Smurfs,2011,5.5,30,77163,142614158,55.0
771,Geostorm,2017,5.3,21,77148,33700160,53.0
772,Eat Pray Love,2010,5.8,50,77084,80574010,58.0
773,Concussion,2015,7.1,55,77049,34531832,71.0
774,Big Eyes,2014,7.0,62,76909,14479776,70.0
775,Teenage Mutant Ninja Turtles: Out of the Shadows,2016,6.0,40,76696,82051601,60.0
776,New Year's Eve,2011,5.7,22,76411,54544638,57.0
777,American Ultra,2015,6.1,50,76403,14434604,61.0
778,Dope,2015,7.2,72,76249,17474107,72.0
779,Patriots Day,2016,7.4,69,75410,31886361,74.0
780,Justin Bieber: Never Say Never,2011,1.6,52,74962,73013910,16.0
781,The Guard,2011,7.3,78,74921,5359774,73.0
782,Elite Squad: The Enemy Within,2010,8.1,71,74828,100119,81.0
783,"I, Frankenstein",2014,5.1,30,74655,19075290,51.0
784,Flipped,2010,7.7,45,74536,1752214,77.0
785,Eddie the Eagle,2015,7.4,54,74488,15785632,74.0
786,Jane Eyre,2011,7.4,76,74432,11242660,74.0
787,The Last Song,2010,5.9,33,74320,62950384,59.0
788,Mike and Dave Need Wedding Dates,2016,6.0,51,74270,46007113,60.0
789,Resident Evil: The Final Chapter,2016,5.6,49,74270,26830068,56.0
790,Turbo,2013,6.4,58,74071,83028128,64.0
791,Sing Street,2016,8.0,79,74037,3237118,80.0
792,How to Be Single,2016,6.1,51,73851,46813366,61.0
793,Centurion,2010,6.4,62,73803,122288,64.0
794,Downsizing,2017,5.7,63,73765,24449754,57.0
795,Young Adult,2011,6.3,71,73729,16311571,63.0
796,The Duff,2015,6.5,56,73726,34017854,65.0
797,Legend of the Guardians: The Owls of Ga'Hoole,2010,7.0,53,73564,55675313,70.0
798,The Kings of Summer,2013,7.2,61,72951,1290312,72.0
799,The Inbetweeners Movie,2011,6.8,44,72869,36000,68.0
800,Short Term 12,2013,8.0,82,72504,1010414,80.0
801,Beastly,2011,5.6,40,72357,27865571,56.0
802,Abduction,2011,5.1,25,72236,28087155,51.0
803,Goosebumps,2015,6.3,60,72226,80080379,63.0
804,Penguins of Madagascar,2014,6.7,53,72145,83348920,67.0
805,Eye in the Sky,2015,7.3,73,71990,18700837,73.0
806,The Great Beauty,2013,7.8,86,71865,2852400,78.0
807,Rio 2,2014,6.3,49,71704,131538435,63.0
808,The Circle,2017,5.3,43,71655,20476391,53.0
809,The Neon Demon,2016,6.2,51,71623,1333124,62.0
810,Broken City,2013,6.2,49,71453,19701164,62.0
811,Entourage,2015,6.6,38,71235,32361416,66.0
812,Project Almanac,2015,6.4,47,71207,22331028,64.0
813,The Florida Project,2017,7.6,92,70986,5904366,76.0
814,Jack and Jill,2011,3.3,23,70900,74158157,33.0
815,Burlesque,2010,6.4,47,70668,39440655,64.0
816,All Is Lost,2013,6.9,87,70528,6263670,69.0
817,Delivery Man,2013,6.4,44,70407,30664106,64.0
818,Super,2010,6.8,50,70324,322157,68.0
819,A Cure for Wellness,2016,6.4,47,70128,8106986,64.0
820,The Words,2012,7.1,37,70032,11494838,71.0
821,The Longest Ride,2015,7.1,33,69882,37432299,71.0
822,Disconnect,2012,7.5,64,69862,7435950,75.0
823,No Escape,2015,6.8,38,69789,27285953,68.0
824,Frank,2014,7.0,75,69783,644906,70.0
825,Rock of Ages,2012,5.9,47,69686,38518613,59.0
826,Horns,2013,6.5,46,69674,164480,65.0
827,Machete Kills,2013,5.6,41,69640,8008161,56.0
828,A Monster Calls,2016,7.5,76,69585,3730982,75.0
829,You Were Never Really Here,2017,6.8,84,69492,2523610,68.0
830,Red Dawn,2012,5.4,31,69273,44806783,54.0
831,Detachment,2011,7.7,52,69210,71177,77.0
832,The Hundred-Foot Journey,2014,7.3,55,69048,54240821,73.0
833,The Angry Birds Movie,2016,6.3,43,69047,107509366,63.0
834,The Invitation,2015,6.7,74,68933,231703,67.0
835,Wanderlust,2012,5.6,53,68885,17225675,56.0
836,Sex and the City 2,2010,4.4,27,68845,95347692,44.0
837,The BFG,2016,6.4,66,68792,55483770,64.0
838,Trumbo,2015,7.5,60,68461,7857741,75.0
839,The Boy,2016,6.0,42,68340,35794166,60.0
840,21 & Over,2013,5.9,34,68260,25682380,59.0
841,Den of Thieves,2018,7.0,49,68136,44947622,70.0
842,I Spit on Your Grave,2010,6.3,27,68112,93051,63.0
843,Hitchcock,2012,6.8,55,68098,6008677,68.0
844,It Comes at Night,2017,6.2,78,68068,13985117,62.0
845,Fruitvale Station,2013,7.5,85,67904,16097842,75.0
846,Arrietty,2010,7.6,80,67764,19202743,76.0
847,A Most Wanted Man,2014,6.8,73,67664,17237244,68.0
848,Creed II,2018,7.2,66,67661,115715889,72.0
849,Midnight Special,2016,6.6,76,67622,3707794,66.0
850,Killer Joe,2011,6.7,62,67618,1987762,67.0
851,What's Your Number?,2011,6.1,35,67594,14008193,61.0
852,Knock Knock,2015,4.9,53,67530,36336,49.0
853,The Incredible Burt Wonderstone,2013,5.9,44,67294,22525921,59.0
854,Morning Glory,2010,6.5,57,66903,31011732,65.0
855,Mechanic: Resurrection,2016,5.7,38,66628,21203260,57.0
856,The Wedding Ringer,2015,6.7,35,66624,64460211,67.0
857,"As Above, So Below",2014,6.2,38,66351,21197315,62.0
858,The Water Diviner,2014,7.1,50,66321,4190530,71.0
859,Seventh Son,2014,5.5,30,66278,17223265,55.0
860,Upside Down,2012,6.4,45,66153,102118,64.0
861,House at the End of the Street,2012,5.6,31,66091,31611916,56.0
862,Four Lions,2010,7.3,68,65920,304137,73.0
863,God Bless America,2011,7.2,56,65775,122029,72.0
864,The Lost City of Z,2016,6.6,78,65674,8580410,66.0
865,What to Expect When You're Expecting,2012,5.7,41,65641,41152203,57.0
866,Jackie,2016,6.7,81,65559,13958679,67.0
867,Going in Style,2017,6.6,50,65554,45003463,66.0
868,Dark Skies,2013,6.3,50,65539,17411930,63.0
869,The Sitter,2011,5.7,39,65427,30538669,57.0
870,The Iceman,2012,6.9,60,65322,1939441,69.0
871,Vice,2018,7.2,61,65167,47836282,72.0
872,Inside Job,2010,8.3,88,65087,4312735,83.0
873,This Is Where I Leave You,2014,6.6,44,64927,34290142,66.0
874,Mortal Engines,2018,6.1,44,64572,15951040,61.0
875,What If,2013,6.8,59,64307,3452117,68.0
876,Before I Go to Sleep,2014,6.3,41,64291,2963012,63.0
877,Youth,2015,7.3,64,64019,2698509,73.0
878,Act of Valor,2012,6.5,40,63657,70012847,65.0
879,Deliver Us from Evil,2014,6.2,40,63535,30577122,62.0
880,Beasts of No Nation,2015,7.8,79,63281,83861,78.0
881,Trollhunter,2010,7.0,61,63204,252652,70.0
882,Oldboy,2013,5.8,49,62833,2193658,58.0
883,Trolls,2016,6.5,56,62778,153707064,65.0
884,Europa Report,2013,6.4,68,62752,125687,64.0
885,Underworld: Blood Wars,2016,5.8,23,62419,30348260,58.0
886,The First Time,2012,6.9,55,62320,17061,69.0
887,Frozen,2010,6.2,43,62022,243390,62.0
888,A Very Harold & Kumar 3D Christmas,2011,6.3,61,61961,35033759,63.0
889,Café Society,2016,6.6,64,61905,11103205,66.0
890,The Death of Stalin,2017,7.2,88,61753,8041828,72.0
891,Unfriended,2014,5.6,59,61566,32482090,56.0
892,The Eagle,2011,6.2,55,61151,19490041,62.0
893,Dead Man Down,2013,6.5,39,61099,10880926,65.0
894,Redemption,2013,6.2,43,60999,34956,62.0
895,The Infiltrator,2016,7.0,66,60960,15425870,70.0
896,Mortdecai,2015,5.5,27,60950,7605668,55.0
897,The Debt,2010,6.9,65,60876,31177548,69.0
898,Gulliver's Travels,2010,4.9,33,60852,42779261,49.0
899,Into the Storm,2014,5.8,44,60664,47602194,58.0
900,The Wind Rises,2013,7.8,83,60426,5209580,78.0
901,Two Night Stand,2014,6.4,45,60155,15600,64.0
902,Triple 9,2016,6.3,52,60014,12626905,63.0
903,"Jeff, Who Lives at Home",2011,6.5,60,59983,4244155,65.0
904,Machine Gun Preacher,2011,6.8,43,59881,538690,68.0
905,A Most Violent Year,2014,7.0,79,59823,5740310,70.0
906,Scary Movie 5,2013,3.5,11,59737,32015787,35.0
907,Bridget Jones's Baby,2016,6.5,59,59727,24252420,65.0
908,The Gambler,2014,6.0,55,59653,33631221,60.0
909,Zoolander 2,2016,4.7,34,59611,28848693,47.0
910,Frances Ha,2012,7.4,82,59576,4063238,74.0
911,Dream House,2011,6.0,35,59519,21283440,60.0
912,All the Money in the World,2017,6.8,72,59347,25106315,68.0
913,The Best of Me,2014,6.7,29,59275,26761283,67.0
914,Red State,2011,6.2,50,59129,1104682,62.0
915,The Book of Life,2014,7.3,67,59087,50151543,73.0
916,Robot & Frank,2012,7.1,67,59079,3325638,71.0
917,The November Man,2014,6.3,38,59059,24984868,63.0
918,Child 44,2015,6.5,41,59024,1206135,65.0
919,Office Christmas Party,2016,5.8,42,58841,54730514,58.0
920,Magic in the Moonlight,2014,6.6,54,58815,10506939,66.0
921,Salmon Fishing in the Yemen,2011,6.8,58,58675,9025107,68.0
922,Larry Crowne,2011,6.1,41,58644,35608245,61.0
923,Rust and Bone,2012,7.5,73,58619,2061449,75.0
924,Sisters,2015,6.0,58,58575,87044645,60.0
925,Exit Through the Gift Shop,2010,8.0,85,58539,3291250,80.0
926,Searching for Sugar Man,2012,8.2,79,58399,3965090,82.0
927,Blue Ruin,2013,7.1,77,58389,258113,71.0
928,Widows,2018,7.0,84,58262,42402632,70.0
929,The Signal,2014,6.1,54,58221,600896,61.0
930,The Devil's Double,2011,7.1,52,58205,1357042,71.0
931,Cars 3,2017,6.8,59,58158,152901115,68.0
932,Runner Runner,2013,5.6,36,58127,19316646,56.0
933,Paranormal Activity 4,2012,4.6,40,58127,53921300,46.0
934,The Night Before,2015,6.4,58,58111,43035725,64.0
935,The Man with the Iron Fists,2012,5.4,51,58073,15634090,54.0
936,13 Assassins,2010,7.6,84,57952,802524,76.0
937,Mamma Mia! Here We Go Again,2018,6.8,60,57784,120634935,68.0
938,Mr. Holmes,2015,6.9,67,57707,17737646,69.0
939,Anomalisa,2015,7.3,88,57539,3759286,73.0
940,When in Rome,2010,5.6,25,57211,32669555,56.0
941,American Assassin,2017,6.2,45,57111,36249674,62.0
942,Mr. Peabody & Sherman,2014,6.8,59,56986,111506430,68.0
943,Silent Hill: Revelation,2012,5.0,16,56543,17529157,50.0
944,Jigsaw,2017,5.8,39,56386,38052832,58.0
945,The Mountain Between Us,2017,6.4,48,56316,30348555,64.0
946,Blackfish,2013,8.1,83,56269,2063312,81.0
947,Trouble with the Curve,2012,6.8,58,55877,35763137,68.0
948,The Finest Hours,2016,6.8,58,55677,27550735,68.0
949,Like Crazy,2011,6.7,68,55660,3413908,67.0
950,Pan,2015,5.8,36,55601,35088320,58.0
951,Enough Said,2013,7.0,78,55538,17536788,70.0
952,Blockers,2018,6.2,69,55490,59839515,62.0
953,Sabotage,2014,5.7,41,55398,10508518,57.0
954,Red Lights,2012,6.2,36,55107,52624,62.0
955,Krampus,2015,6.2,49,55089,42592530,62.0
956,The Darkest Hour,2011,4.9,18,54901,21426805,49.0
957,Senna,2010,8.6,79,54761,1612430,86.0
958,Charlie St. Cloud,2010,6.5,37,54750,31162545,65.0
959,Paterson,2016,7.4,90,54453,2141423,74.0
960,Going the Distance,2010,6.3,51,54301,17804299,63.0
961,Something Borrowed,2011,5.9,36,54084,39046489,59.0
962,Aloha,2015,5.4,40,54061,20991497,54.0
963,Grudge Match,2013,6.4,35,53846,29807260,64.0
964,Bernie,2011,6.8,75,53588,9203192,68.0
965,Point Break,2015,5.3,34,53485,28782481,53.0
966,The Art of Getting By,2011,6.6,36,53450,1429260,66.0
967,The Possession,2012,5.9,45,53448,49130154,59.0
968,Drinking Buddies,2013,6.1,71,53403,342936,61.0
969,Takers,2010,6.2,45,53157,57744720,62.0
970,Jackass 3D,2010,7.0,56,53083,117224271,70.0
971,Step Up 3D,2010,6.2,45,52906,42400223,62.0
972,V/H/S,2012,5.8,55,52790,99770,58.0
973,Overlord,2018,6.7,60,52550,21704844,67.0
974,A Dog's Purpose,2017,7.1,43,52407,64508620,71.0
975,Zookeeper,2011,5.2,30,52143,80360843,52.0
976,Calvary,2014,7.4,77,52083,3593460,74.0
977,Miss Sloane,2016,7.5,64,51987,3439171,75.0
978,Hostiles,2017,7.2,65,51835,29819114,72.0
979,Jonah Hex,2010,4.7,33,51612,10539414,47.0
980,Win Win,2011,7.2,75,51551,10179275,72.0
981,Animal Kingdom,2010,7.3,83,51390,1044039,73.0
982,Poltergeist,2015,4.9,47,51322,47425125,49.0
983,True Story,2015,6.3,50,51320,4715819,63.0
984,Apollo 18,2011,5.2,24,51290,17686929,52.0
985,Criminal,2016,6.3,36,51275,14268533,63.0
986,Keeping Up with the Joneses,2016,5.9,34,51237,14896798,59.0
987,Sanctum,2011,5.9,42,51199,23070045,59.0
988,Step Up Revolution,2012,6.5,43,51122,35074677,65.0
989,Perfect Sense,2011,7.1,55,50967,2959,71.0
990,Good Time,2017,7.3,80,50766,2026499,73.0
991,The Boxtrolls,2014,6.8,61,50498,50837305,68.0
992,Stand Up Guys,2012,6.5,41,50414,3301046,65.0
993,Colossal,2016,6.2,70,50236,3021345,62.0
994,The Legend of Hercules,2014,4.2,22,50188,18848538,42.0
995,Christopher Robin,2018,7.3,60,50147,99215042,73.0
996,Gold,2016,6.7,49,50071,7222964,67.0
997,Storks,2016,6.8,56,50010,72679278,68.0
998,Irrational Man,2015,6.6,53,49997,4027764,66.0
999,The Little Prince,2015,7.7,70,49636,1339152,77.0
1000,All Good Things,2010,6.3,57,49535,578382,63.0
1001,Gnomeo & Juliet,2011,6.0,53,49314,99967670,60.0
1002,Vampire Academy,2014,5.5,31,49123,7791979,55.0
1003,The Mule,2018,7.1,58,49035,103804407,71.0
1004,Pete's Dragon,2016,6.7,71,48997,76233151,67.0
1005,Raw,2016,7.0,81,48975,508425,70.0
1006,Death Wish,2018,6.4,31,48896,34017028,64.0
1007,Winter's Tale,2014,6.2,31,48893,22451,62.0
1008,Arthur,2011,5.7,36,48866,33035397,57.0
1009,12 Strong,2018,6.6,54,48712,45495662,66.0
1010,Macbeth,2015,6.6,71,48654,1108247,66.0
1011,Draft Day,2014,6.8,54,48514,28831145,68.0
1012,Magic Mike XXL,2015,5.6,60,48261,66013057,56.0
1013,Woman in Gold,2015,7.3,51,48255,33305037,73.0
1014,Hesher,2010,7.0,45,48252,382946,70.0
1015,Ride Along 2,2016,5.9,32,48228,90835030,59.0
1016,Ice Age: Collision Course,2016,5.7,34,48188,64063008,57.0
1017,Blackhat,2015,5.4,51,48161,7097125,54.0
1018,Mary Poppins Returns,2018,6.9,66,48109,171958438,69.0
1019,The Dilemma,2011,5.3,46,48051,48475290,53.0
1020,Take Me Home Tonight,2011,6.3,42,48005,6923891,63.0
1021,Walk of Shame,2014,6.0,25,47917,39751,60.0
1022,Citizenfour,2014,8.1,88,47771,2800870,81.0
1023,Daddy's Home Two,2017,6.0,30,47609,104029443,60.0
1024,Everybody Wants Some!!,2016,7.0,83,47349,3369431,70.0
1025,Victor Frankenstein,2015,6.0,36,47179,5775076,60.0
1026,Live by Night,2016,6.4,49,46898,10377558,64.0
1027,The Snowman,2017,5.1,23,46757,6670765,51.0
1028,Popstar: Never Stop Never Stopping,2016,6.7,68,46749,9393835,67.0
1029,The East,2013,6.8,68,46670,2268296,68.0
1030,The Loft,2014,6.3,24,46661,5981749,63.0
1031,Arbitrage,2012,6.6,73,46636,7918283,66.0
1032,Ouija: Origin of Evil,2016,6.1,65,46600,34904885,61.0
1033,The Emoji Movie,2017,3.2,12,46551,86089513,32.0
1034,You Again,2010,5.8,28,46535,25702053,58.0
1035,Veronica Mars,2014,6.8,62,46526,3319109,68.0
1036,Ida,2013,7.4,91,46476,3827060,74.0
1037,The Dressmaker,2015,7.1,47,46452,2021399,71.0
1038,Don 2,2011,7.1,49,46329,3680306,71.0
1039,Mile 22,2018,6.1,38,46026,36108758,61.0
1040,Whiskey Tango Foxtrot,2016,6.6,57,45966,23049575,66.0
1041,The Back-up Plan,2010,5.4,34,45952,37490007,54.0
1042,The Spy Who Dumped Me,2018,6.0,52,45899,33562069,60.0
1043,'71,2014,7.2,83,45829,1268760,72.0
1044,Pride and Prejudice and Zombies,2016,5.8,45,45820,10907291,58.0
1045,The Light Between Oceans,2016,7.2,60,45759,12545979,72.0
1046,The Last Exorcism,2010,5.6,63,45716,41034350,56.0
1047,Martha Marcy May Marlene,2011,6.9,75,45706,2981638,69.0
1048,Everything Must Go,2010,6.4,65,45670,2711210,64.0
1049,A Ghost Story,2017,6.8,84,45658,1596371,68.0
1050,The Flowers of War,2011,7.6,46,45549,9213,76.0
1051,Paddington 2,2017,7.9,88,45400,40442052,79.0
1052,Johnny English Strikes Again,2018,6.2,39,45276,4280890,62.0
1053,Arthur Christmas,2011,7.1,69,45266,46462469,71.0
1054,Rabbit Hole,2010,7.0,76,45230,2229058,70.0
1055,The Beaver,2011,6.7,60,45044,970816,67.0
1056,Free State of Jones,2016,6.9,53,44720,20758378,69.0
1057,Masterminds,2016,5.8,47,44719,17356894,58.0
1058,Florence Foster Jenkins,2016,6.8,71,44642,27370107,68.0
1059,Bullet to the Head,2012,5.7,48,44632,9483821,57.0
1060,Only the Brave,2017,7.7,72,44628,18340051,77.0
1061,Chennai Express,2013,6.0,45,44586,5306729,60.0
1062,Last Night,2010,6.6,50,44581,98986,66.0
1063,Before We Go,2014,6.8,31,44543,37047,68.0
1064,Hot Pursuit,2015,5.1,31,44516,34507079,51.0
1065,London Boulevard,2010,6.2,52,44487,6911,62.0
1066,Don't Be Afraid of the Dark,2010,5.6,56,44391,24042490,56.0
1067,Pitch Perfect 3,2017,5.8,40,44285,104897530,58.0
1068,Tammy,2014,4.9,39,44139,84525432,49.0
1069,The Big Wedding,2013,5.6,28,44055,21784432,56.0
1070,Bad Words,2013,6.7,57,43910,7764027,67.0
1071,The Double,2013,6.5,68,43819,200268,65.0
1072,Vampires Suck,2010,3.4,18,43808,36661504,34.0
1073,Ouija,2014,4.5,38,43740,50856010,45.0
1074,Fair Game,2010,6.8,69,43705,9528092,68.0
1075,The Runaways,2010,6.6,65,43676,3571735,66.0
1076,The Square,2017,7.2,73,43573,1502347,72.0
1077,"I, Daniel Blake",2016,7.9,78,43572,258168,79.0
1078,Amy,2015,7.8,85,43549,8413144,78.0
1079,Song of the Sea,2014,8.1,85,43538,857524,81.0
1080,The SpongeBob Movie: Sponge Out of Water,2015,6.0,62,43133,162994032,60.0
1081,The Man Who Knew Infinity,2015,7.2,56,43116,3866794,72.0
1082,Footloose,2011,5.9,58,43078,51802742,59.0
1083,Fifty Shades Freed,2018,4.5,31,42940,100407760,45.0
1084,Leviathan,2014,7.6,92,42921,1092800,76.0
1085,Bachelorette,2012,5.3,53,42917,447954,53.0
1086,Seeking Justice,2011,6.2,38,42760,41081,62.0
1087,Battle of the Sexes,2017,6.7,73,42666,12638526,67.0
1088,Joe,2013,6.9,74,42654,373375,69.0
1089,Mommy,2014,8.1,74,42648,3492754,81.0
1090,The Odd Life of Timothy Green,2012,6.6,47,42630,51853450,66.0
1091,Mandy,2018,6.6,81,42621,1214525,66.0
1092,The Lunchbox,2013,7.8,76,42333,4231500,78.0
1093,The Beguiled,2017,6.3,77,42045,10576669,63.0
1094,The Collection,2012,6.1,38,42027,6842058,61.0
1095,The Imposter,2012,7.5,77,42002,892409,75.0
1096,The Zero Theorem,2013,6.1,50,41893,219438,61.0
1097,The Pirates! Band of Misfits,2012,6.7,73,41793,31051126,67.0
1098,Death at a Funeral,2010,5.7,51,41706,42739347,57.0
1099,Cosmopolis,2012,5.0,58,41676,743636,50.0
1100,Hector and the Search for Happiness,2014,7.0,29,41579,1121961,70.0
1101,You Will Meet a Tall Dark Stranger,2010,6.3,51,41526,3247816,63.0
1102,Hobo with a Shotgun,2011,6.1,55,41498,703002,61.0
1103,Kon-Tiki,2012,7.2,62,41481,1517410,72.0
1104,Soul Surfer,2011,7.1,53,41460,43853424,71.0
1105,Instant Family,2018,7.4,57,41455,67363237,74.0
1106,Force Majeure,2014,7.3,87,41431,1358561,73.0
1107,Kill the Irishman,2011,7.1,50,41327,1187711,71.0
1108,Sinister 2,2015,5.3,32,41260,27736779,53.0
1109,Stolen,2012,5.5,43,41194,304318,55.0
1110,Keanu,2016,6.3,63,41189,20566327,63.0
1111,While We're Young,2014,6.3,77,41122,7574066,63.0
1112,Mr. Right,2015,6.3,52,41100,25369,63.0
1113,"Two Days, One Night",2014,7.3,89,41093,1436243,73.0
1114,Insidious: The Last Key,2018,5.7,49,41032,67347895,57.0
1115,Kill the Messenger,2014,7.0,60,41012,2450846,70.0
1116,The Company Men,2010,6.8,69,40963,4439063,68.0
1117,The Past,2013,7.8,85,40940,1330596,78.0
1118,Black Death,2010,6.4,71,40925,22554,64.0
1119,Think Like a Man,2012,6.6,51,40883,91547205,66.0
1120,How Do You Know,2010,5.4,46,40877,30212620,54.0
1121,Million Dollar Arm,2014,7.0,56,40861,36447959,70.0
1122,Far from the Madding Crowd,2015,7.1,71,40859,12229314,71.0
1123,Hotel Transylvania 3: Summer Vacation,2018,6.3,54,40847,167510016,63.0
1124,A Royal Affair,2012,7.6,73,40786,1546761,76.0
1125,The Salesman,2016,7.8,85,40714,2402067,78.0
1126,Eighth Grade,2018,7.5,89,40643,13539709,75.0
1127,Tusk,2014,5.3,55,40540,1821983,53.0
1128,The Space Between Us,2017,6.4,33,40464,7829766,64.0
1129,Dhoom 3,2013,5.4,61,40299,8031955,54.0
1130,The Rover,2014,6.4,64,40246,1109199,64.0
1131,The First Purge,2018,5.1,54,40172,69086325,51.0
1132,Scouts Guide to the Zombie Apocalypse,2015,6.3,32,40169,3635292,63.0
1133,Somewhere,2010,6.3,67,40103,1768416,63.0
1134,A Haunted House,2013,5.1,20,40085,40041683,51.0
1135,Tully,2018,7.0,75,39839,9227130,70.0
1136,Detroit,2017,7.4,77,39774,16790139,74.0
1137,Planes,2013,5.7,39,39741,90288712,57.0
1138,The Sessions,2012,7.2,79,39657,6002451,72.0
1139,Conviction,2010,7.2,61,39627,6783129,72.0
1140,MacGruber,2010,5.5,43,39604,8460995,55.0
1141,Alpha,2018,6.7,63,39562,35851379,67.0
1142,Ferdinand,2017,6.7,58,39528,84410380,67.0
1143,People Like Us,2012,7.1,49,39474,12412386,71.0
1144,The Big Year,2011,6.2,53,39417,7204138,62.0
1145,Gone,2012,5.9,36,39320,11653123,59.0
1146,Friends with Kids,2011,6.1,55,39266,7250054,61.0
1147,Trespass,2011,5.3,37,39256,16816,53.0
1148,Trust,2010,6.9,60,39256,120016,69.0
1149,Starred Up,2013,7.4,81,39167,34100,74.0
1150,Labor Day,2013,6.9,52,39013,13362308,69.0
1151,The Peanuts Movie,2015,7.1,67,38975,130178411,71.0
1152,Loving Vincent,2017,7.8,62,38948,6735118,78.0
1153,Son of Saul,2015,7.5,90,38883,1777043,75.0
1154,The Boss,2016,5.4,40,38809,63034755,54.0
1155,I Feel Pretty,2018,5.4,48,38778,48795601,54.0
1156,Before I Fall,2017,6.4,58,38768,12230791,64.0
1157,Laggies,2014,6.4,63,38714,440338,64.0
1158,A Man Called Ove,2015,7.7,70,38665,3358518,77.0
1159,Stake Land,2010,6.5,66,38642,18469,65.0
1160,Stone,2010,5.4,58,38589,1796024,54.0
1161,Monte Carlo,2011,5.8,43,38576,23186769,58.0
1162,Catfish,2010,7.1,65,38568,3234373,71.0
1163,Hope Springs,2012,6.3,65,38550,63536011,63.0
1164,Rough Night,2017,5.2,51,38524,22062200,52.0
1165,Robin Hood,2018,5.3,32,38499,30824628,53.0
1166,Maggie,2015,5.6,52,38497,187112,56.0
1167,Sorry to Bother You,2018,7.0,80,38452,17493096,70.0
1168,Diary of a Wimpy Kid,2010,6.2,56,38412,64003625,62.0
1169,One for the Money,2012,5.3,22,38359,26414527,53.0
1170,47 Metres Down,2017,5.6,52,38356,44307191,56.0
1171,Happy Feet Two,2011,5.9,50,38181,64006466,59.0
1172,Ip Man 3,2015,7.1,57,38147,2679437,71.0
1173,The Belko Experiment,2016,6.1,44,37989,10164675,61.0
1174,Slow West,2015,6.9,72,37975,229094,69.0
1175,Byzantium,2012,6.5,66,37971,84293,65.0
1176,Anthropoid,2016,7.2,59,37906,2959288,72.0
1177,God's Not Dead,2014,4.8,16,37894,60755732,48.0
1178,Anonymous,2011,6.9,50,37825,4463292,69.0
1179,Toni Erdmann,2016,7.4,93,37824,1478960,74.0
1180,On the Road,2012,6.1,56,37770,717753,61.0
1181,Endless Love,2014,6.3,30,37686,23393765,63.0
1182,Ben-Hur,2016,5.7,38,37662,26384681,57.0
1183,Tooth Fairy,2010,5.0,36,37648,60022256,50.0
1184,The Lazarus Effect,2015,5.2,31,37421,25799043,52.0
1185,Brick Mansions,2014,5.7,40,37404,20285518,57.0
1186,Secret in Their Eyes,2015,6.3,45,37158,20180155,63.0
1187,"Alexander and the Terrible, Horrible, No Good, Very Bad Day",2014,6.2,54,37019,66954149,62.0
1188,Paranormal Activity: The Marked Ones,2014,5.0,42,36963,32462372,50.0
1189,Piranha 3DD,2012,3.7,24,36869,376512,37.0
1190,CHIPS,2017,6.0,28,36617,18591819,60.0
1191,The Skeleton Twins,2014,6.8,74,36601,5283379,68.0
1192,Blair Witch,2016,5.0,47,36579,20777061,50.0
1193,The Spy Next Door,2010,5.5,27,36539,24268828,55.0
1194,Camp X-Ray,2014,6.9,54,36534,9837,69.0
1195,In a Better World,2010,7.6,65,36439,1008098,76.0
1196,Deadfall,2012,6.3,52,36386,65804,63.0
1197,The Broken Circle Breakdown,2012,7.8,70,36277,175058,78.0
1198,The Fifth Estate,2013,6.2,49,36217,3254172,62.0
1199,The Forest,2016,4.8,34,36214,26583369,48.0
1200,A Thousand Words,2012,5.9,26,36188,18438149,59.0
1201,Talaash,2012,7.3,65,36152,2706375,73.0
1202,The Transporter Refueled,2015,5.2,32,36034,16027866,52.0
1203,The Gunman,2015,5.8,39,35874,10640645,58.0
1204,Sleeping with Other People,2015,6.5,64,35853,814775,65.0
1205,Lovelace,2013,6.2,51,35799,356582,62.0
1206,A Hologram for the King,2016,6.1,58,35788,4198126,61.0
1207,Free Fire,2016,6.4,63,35569,1798472,64.0
1208,Ra.One,2011,4.8,60,35502,2511689,48.0
1209,Goodnight Mommy,2014,6.7,81,35310,1168902,67.0
1210,The 100 Year-Old Man Who Climbed Out the Window and Disappeared,2013,7.1,58,35271,1083762,71.0
1211,Morgan,2016,5.8,48,35076,3912052,58.0
1212,Wish I Was Here,2014,6.7,43,34778,3588432,67.0
1213,Maps to the Stars,2014,6.2,67,34752,347648,62.0
1214,The Hunter,2011,6.8,63,34724,176432,68.0
1215,Cedar Rapids,2011,6.3,70,34720,6857503,63.0
1216,Fist Fight,2017,5.6,37,34712,32187017,56.0
1217,Pawn Sacrifice,2014,7.0,65,34695,2436062,70.0
1218,The Boy Next Door,2015,4.7,30,34626,35385560,47.0
1219,Promised Land,2012,6.6,55,34565,7597898,66.0
1220,Meet the Blacks,2016,5.9,26,34484,9093856,59.0
1221,Once Upon a Time in Anatolia,2011,7.9,82,34425,138730,79.0
1222,The Railway Man,2013,7.1,59,34396,4438438,71.0
1223,The To Do List,2013,5.8,61,34369,3447339,58.0
1224,Hot Tub Time Machine 2,2015,5.1,29,34293,12282677,51.0
1225,A Wrinkle in Time,2018,4.2,53,34283,100478608,42.0
1226,John Dies at the End,2012,6.4,53,34265,141307,64.0
1227,Peppermint,2018,6.5,29,34209,35418723,65.0
1228,Suffragette,2015,6.9,67,34093,4693356,69.0
1229,I Give It a Year,2013,5.7,50,34010,32514,57.0
1230,The Smurfs 2,2013,5.4,34,33998,71017784,54.0
1231,Liberal Arts,2012,6.7,55,33963,317190,67.0
1232,Rings,2017,4.5,25,33824,27780085,45.0
1233,The Paperboy,2012,5.8,45,33811,692640,58.0
1234,Wild Target,2010,6.8,41,33806,117190,68.0
1235,Greenberg,2010,6.1,76,33611,4216789,61.0
1236,The Guilt Trip,2012,5.8,50,33605,37134215,58.0
1237,The Divide,2011,5.8,28,33516,22000,58.0
1238,High-Rise,2015,5.6,65,33458,343139,56.0
1239,The Devil Inside,2012,4.2,18,33425,53261944,42.0
1240,Killing Season,2013,5.4,25,33416,27713,54.0
1241,Tangerines,2013,8.2,73,33221,144501,82.0
1242,Left Behind,2014,3.1,12,33218,13998282,31.0
1243,Flatliners,2017,5.2,27,33194,16866403,52.0
1244,V/H/S/2,2013,6.1,49,33125,21833,61.0
1245,Regression,2015,5.7,32,33087,54734,57.0
1246,The House That Jack Built,2018,6.9,42,33081,87008,69.0
1247,The Last Days on Mars,2013,5.5,46,33055,23838,55.0
1248,Paranoia,2013,5.7,32,33045,7376027,57.0
1249,Stronger,2017,7.0,76,32971,4211129,70.0
1250,Cake,2014,6.4,49,32945,1873547,64.0
1251,Suspiria,2018,6.8,64,32942,2474044,68.0
1252,The Cold Light of Day,2012,4.9,22,32916,3749061,49.0
1253,The Roommate,2011,4.9,23,32896,37300107,49.0
1254,The Green Inferno,2013,5.3,38,32871,7192291,53.0
1255,The Salvation,2014,6.7,64,32745,5000,67.0
1256,In the Land of Blood and Honey,2011,4.4,56,32738,303877,44.0
1257,Man of Tai Chi,2013,6.1,52,32728,100144,61.0
1258,Shaun the Sheep Movie,2015,7.4,81,32700,19375982,74.0
1259,Kill List,2011,6.4,67,32602,26297,64.0
1260,A Bad Moms Christmas,2017,5.5,42,32556,72110659,55.0
1261,Adrift,2018,6.6,56,32482,31445012,66.0
1262,Kill Your Darlings,2013,6.5,65,32458,1029949,65.0
1263,Truth or Dare,2018,5.1,35,32439,40717020,51.0
1264,The House,2017,5.6,30,32423,25481529,56.0
1265,The Human Centipede II (Full Sequence),2011,3.8,17,32406,122890,38.0
1266,Cyrus,2010,6.3,74,32398,7455447,63.0
1267,First Reformed,2017,7.1,85,32372,3448256,71.0
1268,Maniac,2012,6.1,47,32359,20551,61.0
1269,Hit and Run,2012,6.1,50,32348,13746550,61.0
1270,The Stanford Prison Experiment,2015,6.9,67,32302,643557,69.0
1271,Leave No Trace,2018,7.2,88,32245,6046104,72.0
1272,Love & Mercy,2014,7.4,80,32073,12547189,74.0
1273,We Are Your Friends,2015,6.2,46,32046,3590010,62.0
1274,The 33,2015,6.9,55,32038,12188642,69.0
1275,Cold in July,2014,6.8,73,31877,414623,68.0
1276,Black Sea,2014,6.4,62,31801,1171559,64.0
1277,Admission,2013,5.7,48,31733,18004225,57.0
1278,Red Tails,2012,5.9,46,31720,49876377,59.0
1279,Hunter Killer,2018,6.6,43,31685,15767460,66.0
1280,20th Century Women,2016,7.3,83,31680,5663855,73.0
1281,Cold War,2018,7.6,90,31677,4572545,76.0
1282,The Illusionist,2010,7.5,82,31655,2231474,75.0
1283,The Killer Inside Me,2010,6.1,53,31653,214966,61.0
1284,"McFarland, USA",2015,7.4,60,31537,44469602,74.0
1285,The House with a Clock in Its Walls,2018,6.1,57,31504,68549695,61.0
1286,The Zookeeper's Wife,2017,7.0,57,31494,17445186,70.0
1287,Unsane,2018,6.4,63,31125,7732899,64.0
1288,Annie,2014,5.3,33,31068,85911262,53.0
1289,Rubber,2010,5.8,59,31046,98017,58.0
1290,Papillon,2017,7.1,51,30973,2335896,71.0
1291,The Innkeepers,2011,5.5,64,30966,77501,55.0
1292,The Act of Killing,2012,8.2,90,30908,486919,82.0
1293,Suburbicon,2017,5.6,42,30891,5775178,56.0
1294,Alex Cross,2012,5.1,30,30885,25888412,51.0
1295,American Honey,2016,7.0,79,30869,662786,70.0
1296,The One I Love,2014,7.1,66,30834,511635,71.0
1297,Straw Dogs,2011,5.8,45,30669,10324441,58.0
1298,Jiro Dreams of Sushi,2011,7.9,77,30665,2550508,79.0
1299,The Take,2016,6.3,48,30626,39000,63.0
1300,Paul Blart: Mall Cop 2,2015,4.4,13,30604,71038190,44.0
1301,[REC] 3: Genesis,2012,5.0,45,30597,8973,50.0
1302,Mustang,2015,7.6,83,30591,845464,76.0
1303,Race,2016,7.1,56,30559,19097994,71.0
1304,Welcome to the Punch,2013,6.1,49,30465,6787,61.0
1305,This Must Be the Place,2011,6.7,61,30332,142242,67.0
1306,Jersey Boys,2014,6.8,54,30292,47034272,68.0
1307,Flypaper,2011,6.4,37,30282,1098,64.0
1308,Step Up All In,2014,6.0,45,30264,14904384,60.0
1309,Personal Shopper,2016,6.2,77,29848,1305195,62.0
1310,The Whistleblower,2010,7.2,59,29718,1120914,72.0
1311,The Choice,2016,6.6,26,29713,18709066,66.0
1312,Snatched,2017,4.5,45,29697,45825314,45.0
1313,The Company You Keep,2012,6.4,57,29587,5132442,64.0
1314,Coriolanus,2011,6.1,79,29567,756452,61.0
1315,Adore,2013,6.2,37,29560,317125,62.0
1316,Samsara,2011,8.5,65,29491,2601847,85.0
1317,13 Sins,2014,6.3,44,29368,9134,63.0
1318,In a World...,2013,6.7,79,29302,2962542,67.0
1319,Sleeping Beauty,2011,5.3,57,29194,37710,53.0
1320,A Long Way Down,2014,6.4,34,29165,13093,64.0
1321,The Sisters Brothers,2018,7.0,78,29164,3143056,70.0
1322,Hotel Artemis,2018,6.1,58,28986,6708147,61.0
1323,Hysteria,2011,6.7,53,28929,1800000,67.0
1324,Chasing Mavericks,2012,7.2,45,28901,6002756,72.0
1325,Muppets Most Wanted,2014,6.4,61,28879,51183113,64.0
1326,Unfinished Business,2015,5.4,32,28826,10214013,54.0
1327,Girls Trip,2017,6.2,71,28801,115108515,62.0
1328,The Second Best Exotic Marigold Hotel,2015,6.6,51,28781,33078266,66.0
1329,The Tale of The Princess Kaguya,2013,8.0,89,28779,1506975,80.0
1330,Hop,2011,5.4,41,28687,108085305,54.0
1331,Young & Beautiful,2013,6.8,63,28668,48022,68.0
1332,The Grandmaster,2013,6.6,73,28650,6594959,66.0
1333,Compliance,2012,6.4,68,28568,318622,64.0
1334,Beautiful Boy,2018,7.3,62,28562,7649973,73.0
1335,Kidnap,2017,5.9,44,28540,30718107,59.0
1336,Big Game,2014,5.4,53,28496,16909,54.0
1337,The Three Stooges,2012,5.1,56,28455,44338224,51.0
1338,The Grinch,2018,6.3,51,28433,270620950,63.0
1339,Free Solo,2018,8.2,83,28403,17539736,82.0
1340,Upstream Color,2013,6.7,81,28351,444098,67.0
1341,Mother's Day,2016,5.7,18,28350,32463917,57.0
1342,Tyrannosaur,2011,7.6,65,28330,22088,76.0
1343,Happythankyoumoreplease,2010,6.8,45,28293,215576,68.0
1344,Shoplifters,2018,8.0,93,28010,3311687,80.0
1345,"Men, Women & Children",2014,6.7,38,27972,461162,67.0
1346,Alvin and the Chipmunks: Chipwrecked,2011,4.4,24,27939,133110742,44.0
1347,Land of Mine,2015,7.8,75,27891,435266,78.0
1348,Alan Partridge,2013,6.9,66,27875,152211,69.0
1349,Loving,2016,7.0,79,27825,7696098,70.0
1350,The Wave,2015,6.7,68,27750,176637,67.0
1351,45 Years,2015,7.1,94,27720,4250507,71.0
1352,The Way,2010,7.4,64,27639,4430650,74.0
1353,American Animals,2018,7.0,68,27621,2856954,70.0
1354,The Homesman,2014,6.6,68,27559,2428883,66.0
1355,Celeste & Jesse Forever,2012,6.6,59,27502,3094687,66.0
1356,The Two Faces of January,2014,6.2,66,27430,506067,62.0
1357,Peter Rabbit,2018,6.6,51,27297,115253424,66.0
1358,Danny Collins,2015,7.0,58,27294,5348317,70.0
1359,Playing for Keeps,2012,5.7,27,27286,13101142,57.0
1360,In the House,2012,7.4,72,27148,354244,74.0
1361,Can You Ever Forgive Me?,2018,7.2,87,27125,8803865,72.0
1362,Cop Car,2015,6.3,66,26941,128002,63.0
1363,The Diary of a Teenage Girl,2015,6.9,87,26836,1477002,69.0
1364,Instructions Not Included,2013,7.6,55,26692,44467206,76.0
1365,Ingrid Goes West,2017,6.6,71,26666,3024308,66.0
1366,99 Homes,2014,7.1,76,26519,1410915,71.0
1367,The Immigrant,2013,6.6,77,26468,2013456,66.0
1368,The Conspirator,2010,6.9,55,26347,11538204,69.0
1369,A Little Bit of Heaven,2011,6.3,14,26344,10011,63.0
1370,"Everything, Everything",2017,6.4,52,26235,34000284,64.0
1371,From Up on Poppy Hill,2011,7.5,71,26214,1002895,75.0
1372,Another Year,2010,7.3,80,26180,3205706,73.0
1373,The Girl in the Spider's Web,2018,6.1,43,26152,14841338,61.0
1374,How I Live Now,2013,6.5,57,26051,60213,65.0
1375,Revenge,2017,6.3,81,26015,102091,63.0
1376,Take This Waltz,2011,6.6,68,25779,1237514,66.0
1377,The End of the Tour,2015,7.3,82,25773,2993669,73.0
1378,My Big Fat Greek Wedding 2,2016,6.0,37,25766,59573085,60.0
1379,The Shack,2017,6.3,32,25723,57330873,63.0
1380,Belle,2013,7.4,64,25635,10726630,74.0
1381,The Brand New Testament,2015,7.1,70,25616,89182,71.0
1382,Sleepless,2017,5.6,34,25550,20757977,56.0
1383,What Maisie Knew,2012,7.5,74,25349,1065000,75.0
1384,Weekend,2011,7.6,81,25278,455459,76.0
1385,Palo Alto,2013,6.2,69,25268,750100,62.0
1386,White Bird in a Blizzard,2014,6.4,51,25262,33518,64.0
1387,Charlie Countryman,2013,6.4,31,25253,7973,64.0
1388,Tracks,2013,7.2,78,25236,508806,72.0
1389,To the Wonder,2012,5.9,58,25220,586293,59.0
1390,A Brilliant Young Mind,2014,7.2,65,25208,139511,72.0
1391,Z for Zachariah,2015,6.0,68,25148,118483,60.0
1392,The Good Lie,2014,7.4,65,25123,2716989,74.0
1393,Life of the Party,2018,5.5,46,24975,52856061,55.0
1394,The Lords of Salem,2012,5.1,57,24956,1163508,51.0
1395,Mandela: Long Walk to Freedom,2013,7.1,60,24936,8323085,71.0
1396,Nanny McPhee Returns,2010,6.1,52,24850,29197642,61.0
1397,Third Person,2013,6.4,38,24819,1019038,64.0
1398,The Void,2016,5.8,62,24782,150372,58.0
1399,The Red Turtle,2016,7.5,86,24740,920057,75.0
1400,Your Sister's Sister,2011,6.7,72,24722,1573712,67.0
1401,Sightseers,2012,6.5,69,24691,35722,65.0
1402,Top Five,2014,6.4,81,24673,25277561,64.0
1403,Victoria & Abdul,2017,6.8,58,24647,22245070,68.0
1404,Thanks for Sharing,2012,6.4,54,24538,1059239,64.0
1405,Clouds of Sils Maria,2014,6.7,78,24516,1811138,67.0
1406,The Kid with a Bike,2011,7.4,87,24491,1384749,74.0
1407,The Nut Job,2014,5.7,37,24481,64251541,57.0
1408,The Woman in Black 2: Angel of Death,2014,4.9,42,24466,26496583,49.0
1409,Dom Hemingway,2013,6.2,55,24461,518134,62.0
1410,Delhi Belly,2011,7.6,66,24457,1531757,76.0
1411,Thoroughbreds,2017,6.7,75,24420,2830775,67.0
1412,Secretariat,2010,7.2,61,24392,59713955,72.0
1413,Kai po che!,2013,7.6,40,24322,1122527,76.0
1414,The Old Man & the Gun,2018,6.8,80,24314,11277120,68.0
1415,Heartbeats,2010,7.2,70,24270,62985,72.0
1416,When Marnie Was There,2014,7.7,72,24267,765127,77.0
1417,Overboard,2018,5.9,42,24252,50316123,59.0
1418,Julieta,2016,7.1,73,24195,1489848,71.0
1419,The Warrior's Way,2010,6.3,45,24190,5664251,63.0
1420,Heaven Is for Real,2014,5.8,47,24151,91443253,58.0
1421,Serena,2014,5.4,36,24134,176305,54.0
1422,Heartbreaker,2010,6.8,59,23922,504030,68.0
1423,Tale of Tales,2015,6.4,72,23890,80809,64.0
1424,Max,2015,6.8,47,23886,42652003,68.0
1425,Rare Exports: A Christmas Tale,2010,6.7,71,23868,263210,67.0
1426,Vanishing on 7th Street,2010,4.9,50,23836,22197,49.0
1427,Equals,2015,6.1,43,23804,32095,61.0
1428,Turbo Kid,2015,6.7,60,23801,50000,67.0
1429,Winchester,2018,5.4,28,23771,25091816,54.0
1430,Parental Guidance,2012,6.1,36,23662,77267296,61.0
1431,The Little Death,2014,7.1,46,23519,18238,71.0
1432,The Guilty,2018,7.5,83,23415,207140,75.0
1433,"Big Mommas: Like Father, Like Son",2011,4.4,22,23390,37915414,44.0
1434,Testament of Youth,2014,7.3,76,23353,1822030,73.0
1435,The Bay,2012,5.6,65,23320,30474,56.0
1436,The Perfect Host,2010,6.8,48,23304,48430,68.0
1437,Highway,2014,7.7,40,23240,529136,77.0
1438,Dear White People,2014,6.1,79,23224,4404154,61.0
1439,Escape from Planet Earth,2013,5.9,35,23208,57012977,59.0
1440,"Roman J. Israel, Esq.",2017,6.4,58,23195,11962712,64.0
1441,If Beale Street Could Talk,2018,7.3,87,23194,14915773,73.0
1442,The Wife,2017,7.2,77,23128,9601092,72.0
1443,Shark Night 3D,2011,4.0,22,23115,18872522,40.0
1444,Loveless,2017,7.7,86,23091,566356,77.0
1445,The Glass Castle,2017,7.2,56,23060,17273059,72.0
1446,A Bigger Splash,2015,6.4,74,23056,1982505,64.0
1447,A Street Cat Named Bob,2016,7.4,54,23017,35070,74.0
1448,Barney's Version,2010,7.3,67,23002,7502560,73.0
1449,Diary of a Wimpy Kid: Rodrick Rules,2011,6.6,51,22965,52698535,66.0
1450,Padmaavat,2018,7.0,63,22962,11846060,70.0
1451,One Direction: This Is Us,2013,4.2,49,22955,28873374,42.0
1452,Tangerine,2015,7.1,85,22917,701837,71.0
1453,Ghost Stories,2017,6.4,68,22903,135095,64.0
1454,The Lady in the Van,2015,6.7,70,22892,10017675,67.0
1455,Honeymoon,2014,5.7,65,22768,9168,57.0
1456,Mr. Church,2016,7.7,37,22682,685143,77.0
1457,Risen,2016,6.3,51,22602,36874745,63.0
1458,Table 19,2017,5.8,40,22542,3606977,58.0
1459,Mr. Turner,2014,6.8,94,22537,3958546,68.0
1460,10 Years,2011,6.1,61,22413,203373,61.0
1461,Mistress America,2015,6.7,75,22395,2461121,67.0
1462,Fading Gigolo,2013,6.2,58,22377,3763973,62.0
1463,Chalet Girl,2011,6.3,42,22269,1201,63.0
1464,Home Again,2017,5.8,41,22268,27020284,58.0
1465,Paranormal Activity: The Ghost Dimension,2015,4.6,30,22210,18300124,46.0
1466,Albert Nobbs,2011,6.7,57,22140,3014696,67.0
1467,Better Watch Out,2016,6.5,67,22092,20369,65.0
1468,Getaway,2013,4.4,22,22090,10494494,44.0
1469,Welcome to the Rileys,2010,7.0,50,22075,152857,70.0
1470,Knight of Cups,2015,5.7,53,22069,558402,57.0
1471,Rampart,2011,5.8,70,22033,969239,58.0
1472,She's Funny That Way,2014,6.1,45,22027,88460,61.0
1473,The Art of the Steal,2013,6.3,53,21938,61446,63.0
1474,Smallfoot,2018,6.7,60,21929,83240103,67.0
1475,Climax,2018,7.3,67,21913,804112,73.0
1476,A Walk in the Woods,2015,6.3,51,21887,29467855,63.0
1477,Bleed for This,2016,6.8,62,21749,4847865,68.0
1478,Mary Queen of Scots,2018,6.3,60,21688,16468499,63.0
1479,Captain Underpants: The First Epic Movie,2017,6.2,69,21669,73921000,62.0
1480,Little White Lies,2010,7.1,50,21581,206088,71.0
1481,The Angels' Share,2012,7.0,66,21545,304357,70.0
1482,ATM,2012,4.7,34,21528,2034,47.0
1483,In the Fade,2017,7.1,65,21526,321011,71.0
1484,Friend Request,2016,5.3,31,21454,3759046,53.0
1485,Puncture,2011,6.9,54,21441,67071,69.0
1486,No,2012,7.4,81,21399,2343664,74.0
1487,Barefoot,2014,6.6,22,21389,11766,66.0
1488,Obvious Child,2014,6.8,76,21386,3122616,68.0
1489,Generation War,2013,8.5,57,21359,87116,85.0
1490,Night School,2018,5.6,43,21353,77339130,56.0
1491,Where to Invade Next,2015,7.5,64,21344,3820195,75.0
1492,The 15:17 to Paris,2018,5.2,45,21295,36250957,52.0
1493,The Pyramid,2014,4.6,24,21268,2756333,46.0
1494,The Strangers: Prey at Night,2018,5.2,48,21170,24431472,52.0
1495,Love & Friendship,2016,6.4,87,21049,14013564,64.0
1496,Good Kill,2014,6.4,63,20991,316842,64.0
1497,About Last Night,2014,6.1,62,20981,48637684,61.0
1498,Little Boy,2015,7.4,30,20873,6420319,74.0
1499,Gringo,2018,6.1,46,20867,4969853,61.0
1500,Free Birds,2013,5.9,38,20848,55750480,59.0
1501,Ricki and the Flash,2015,5.9,54,20820,26822144,59.0
1502,Silent House,2011,5.3,49,20764,12555230,53.0
1503,Spring,2014,6.7,70,20728,48949,67.0
1504,Dolphin Tale,2011,6.9,64,20633,72286779,69.0
1505,Bullhead,2011,7.4,68,20576,151840,74.0
1506,Borg vs. McEnroe,2017,7.0,63,20560,14113354,70.0
1507,Restrepo,2010,7.5,85,20557,1330894,75.0
1508,Cooties,2014,5.7,49,20501,55749,57.0
1509,Thelma,2017,7.0,74,20391,147391,70.0
1510,Closed Circuit,2013,6.2,50,20358,5733310,62.0
1511,The Bad Batch,2016,5.3,62,20353,177680,53.0
1512,The Endless,2017,6.5,80,20317,272020,65.0
1513,Kraftidioten,2014,7.2,74,20207,49284,72.0
1514,I'm So Excited!,2013,5.6,55,20202,1367846,56.0
1515,Mid90s,2018,7.4,66,20165,7362439,74.0
1516,The Wall,2017,6.2,57,20153,1803009,62.0
1517,Operation Finale,2018,6.5,58,20106,17612099,65.0
1518,Passion,2012,5.3,53,20049,91186,53.0
1519,Bad Santa 2,2016,5.6,38,20010,17782178,56.0
1520,Afflicted,2013,6.3,56,19991,121179,63.0
1521,The Way He Looks,2014,7.9,71,19981,101137,79.0
